experiment_name,ExperimentName,Subject,Session,CurrentDate,useragent,session_uuid,screen_availHeight,screen_availWidth,lang,Block,trial_timestamp,time_elapsed,List,CorrectResponse,BackwardCorrectResponse,TestTrial,accuracy,reaction_time,typing_time,response,stimulus_load_time,role,cycle_start_date,task_section,day,connectivity,ML,MS,TE-ML,TE-TT
projectseed-bds-production,BDS-Seed,9001,1,2026-09-07 21:00:00 (Central Daylight Time),Mozilla/5.0 (iPhone; CPU iPhone OS 18_6 like Mac OS X) AppleWebKit/605.1.15,00000000-0000-0000-0000-000000000001,844,390,eng,-999.0,2026-09-07 21:00:09 (Central Daylight Time),9000,2,12,21,0.0,True,1500.0,2100.0,11,12,adolescent,2026-09-07,training,1,,6,6.5,6,10
projectseed-bds-production,BDS-Seed,9001,1,2026-09-07 21:00:00 (Central Daylight Time),Mozilla/5.0 (iPhone; CPU iPhone OS 18_6 like Mac OS X) AppleWebKit/605.1.15,00000000-0000-0000-0000-000000000001,844,390,eng,-999.0,2026-09-07 21:00:18 (Central Daylight Time),18000,2,12,21,0.0,True,1500.0,2100.0,11,12,adolescent,2026-09-07,training,1,,6,6.5,6,10
projectseed-bds-production,BDS-Seed,9001,1,2026-09-07 21:00:00 (Central Daylight Time),Mozilla/5.0 (iPhone; CPU iPhone OS 18_6 like Mac OS X) AppleWebKit/605.1.15,00000000-0000-0000-0000-000000000001,844,390,eng,-999.0,2026-09-07 21:00:27 (Central Daylight Time),27000,2,12,21,0.0,True,1500.0,2100.0,11,12,adolescent,2026-09-07,training,1,,6,6.5,6,10
projectseed-bds-production,BDS-Seed,9001,1,2026-09-07 21:00:00 (Central Daylight Time),Mozilla/5.0 (iPhone; CPU iPhone OS 18_6 like Mac OS X) AppleWebKit/605.1.15,00000000-0000-0000-0000-000000000001,844,390,eng,-999.0,2026-09-07 21:00:36 (Central Daylight Time),36000,2,12,21,0.0,True,1500.0,2100.0,11,12,adolescent,2026-09-07,training,1,,6,6.5,6,10
projectseed-bds-production,BDS-Seed,9001,1,2026-09-07 21:00:00 (Central Daylight Time),Mozilla/5.0 (iPhone; CPU iPhone OS 18_6 like Mac OS X) AppleWebKit/605.1.15,00000000-0000-0000-0000-000000000001,844,390,eng,1.0,2026-09-07 21:00:45 (Central Daylight Time),45000,2,12,21,1.0,True,1500.0,2100.0,11,12,adolescent,2026-09-07,test,1,,6,6.5,6,10
projectseed-bds-production,BDS-Seed,9001,1,2026-09-07 21:00:00 (Central Daylight Time),Mozilla/5.0 (iPhone; CPU iPhone OS 18_6 like Mac OS X) AppleWebKit/605.1.15,00000000-0000-0000-0000-000000000001,844,390,eng,2.0,2026-09-07 21:00:54 (Central Daylight Time),54000,2,12,21,1.0,True,1500.0,2100.0,11,12,adolescent,2026-09-07,test,1,,6,6.5,6,10
projectseed-bds-production,BDS-Seed,9001,1,2026-09-07 21:00:00 (Central Daylight Time),Mozilla/5.0 (iPhone; CPU iPhone OS 18_6 like Mac OS X) AppleWebKit/605.1.15,00000000-0000-0000-0000-000000000001,844,390,eng,3.0,2026-09-07 21:01:03 (Central Daylight Time),63000,3,123,321,1.0,True,1500.0,2100.0,111,12,adolescent,2026-09-07,test,1,,6,6.5,6,10
projectseed-bds-production,BDS-Seed,9001,1,2026-09-07 21:00:00 (Central Daylight Time),Mozilla/5.0 (iPhone; CPU iPhone OS 18_6 like Mac OS X) AppleWebKit/605.1.15,00000000-0000-0000-0000-000000000001,844,390,eng,4.0,2026-09-07 21:01:12 (Central Daylight Time),72000,3,123,321,1.0,True,1500.0,2100.0,111,12,adolescent,2026-09-07,test,1,,6,6.5,6,10
projectseed-bds-production,BDS-Seed,9001,1,2026-09-07 21:00:00 (Central Daylight Time),Mozilla/5.0 (iPhone; CPU iPhone OS 18_6 like Mac OS X) AppleWebKit/605.1.15,00000000-0000-0000-0000-000000000001,844,390,eng,5.0,2026-09-07 21:01:21 (Central Daylight Time),81000,4,1234,4321,1.0,True,1500.0,2100.0,1111,12,adolescent,2026-09-07,test,1,,6,6.5,6,10
projectseed-bds-production,BDS-Seed,9001,1,2026-09-07 21:00:00 (Central Daylight Time),Mozilla/5.0 (iPhone; CPU iPhone OS 18_6 like Mac OS X) AppleWebKit/605.1.15,00000000-0000-0000-0000-000000000001,844,390,eng,6.0,2026-09-07 21:01:30 (Central Daylight Time),90000,4,1234,4321,1.0,True,1500.0,2100.0,1111,12,adolescent,2026-09-07,test,1,,6,6.5,6,10
projectseed-bds-production,BDS-Seed,9001,1,2026-09-07 21:00:00 (Central Daylight Time),Mozilla/5.0 (iPhone; CPU iPhone OS 18_6 like Mac OS X) AppleWebKit/605.1.15,00000000-0000-0000-0000-000000000001,844,390,eng,7.0,2026-09-07 21:01:39 (Central Daylight Time),99000,5,12345,54321,1.0,True,1500.0,2100.0,11111,12,adolescent,2026-09-07,test,1,,6,6.5,6,10
projectseed-bds-production,BDS-Seed,9001,1,2026-09-07 21:00:00 (Central Daylight Time),Mozilla/5.0 (iPhone; CPU iPhone OS 18_6 like Mac OS X) AppleWebKit/605.1.15,00000000-0000-0000-0000-000000000001,844,390,eng,8.0,2026-09-07 21:01:48 (Central Daylight Time),108000,5,12345,54321,1.0,True,1500.0,2100.0,11111,12,adolescent,2026-09-07,test,1,,6,6.5,6,10
projectseed-bds-production,BDS-Seed,9001,1,2026-09-07 21:00:00 (Central Daylight Time),Mozilla/5.0 (iPhone; CPU iPhone OS 18_6 like Mac OS X) AppleWebKit/605.1.15,00000000-0000-0000-0000-000000000001,844,390,eng,9.0,2026-09-07 21:01:57 (Central Daylight Time),117000,6,123456,654321,1.0,True,1500.0,2100.0,111111,12,adolescent,2026-09-07,test,1,,6,6.5,6,10
projectseed-bds-production,BDS-Seed,9001,1,2026-09-07 21:00:00 (Central Daylight Time),Mozilla/5.0 (iPhone; CPU iPhone OS 18_6 like Mac OS X) AppleWebKit/605.1.15,00000000-0000-0000-0000-000000000001,844,390,eng,10.0,2026-09-07 21:02:06 (Central Daylight Time),126000,6,123456,654321,1.0,True,1500.0,2100.0,111111,12,adolescent,2026-09-07,test,1,,6,6.5,6,10
projectseed-bds-production,BDS-Seed,9001,1,2026-09-07 21:00:00 (Central Daylight Time),Mozilla/5.0 (iPhone; CPU iPhone OS 18_6 like Mac OS X) AppleWebKit/605.1.15,00000000-0000-0000-0000-000000000001,844,390,eng,11.0,2026-09-07 21:02:15 (Central Daylight Time),135000,7,1234567,7654321,1.0,False,1500.0,2100.0,1111111,12,adolescent,2026-09-07,test,1,,6,6.5,6,10
projectseed-bds-production,BDS-Seed,9001,1,2026-09-07 21:00:00 (Central Daylight Time),Mozilla/5.0 (iPhone; CPU iPhone OS 18_6 like Mac OS X) AppleWebKit/605.1.15,00000000-0000-0000-0000-000000000001,844,390,eng,12.0,2026-09-07 21:02:24 (Central Daylight Time),144000,7,1234567,7654321,1.0,False,1500.0,2100.0,1111111,12,adolescent,2026-09-07,test,1,,6,6.5,6,10
projectseed-bds-production,BDS-Seed,9001,1,2026-09-07 21:00:00 (Central Daylight Time),Mozilla/5.0 (iPhone; CPU iPhone OS 18_6 like Mac OS X) AppleWebKit/605.1.15,00000000-0000-0000-0000-000000000001,844,390,eng,13.0,2026-09-07 21:02:33 (Central Daylight Time),153000,8,12345678,87654321,1.0,False,1500.0,2100.0,11111111,12,adolescent,2026-09-07,test,1,,6,6.5,6,10
projectseed-bds-production,BDS-Seed,9001,1,2026-09-07 21:00:00 (Central Daylight Time),Mozilla/5.0 (iPhone; CPU iPhone OS 18_6 like Mac OS X) AppleWebKit/605.1.15,00000000-0000-0000-0000-000000000001,844,390,eng,14.0,2026-09-07 21:02:42 (Central Daylight Time),162000,8,12345678,87654321,1.0,False,1500.0,2100.0,11111111,12,adolescent,2026-09-07,test,1,,6,6.5,6,10
projectseed-bds-production,BDS-Seed,9001,1,2026-09-09 21:00:00 (Central Daylight Time),Mozilla/5.0 (iPhone; CPU iPhone OS 18_6 like Mac OS X) AppleWebKit/605.1.15,00000000-0000-0000-0000-000000000002,844,390,eng,-999.0,2026-09-09 21:00:09 (Central Daylight Time),9000,2,12,21,0.0,True,1500.0,2100.0,11,12,adolescent,2026-09-07,training,3,,5,5.5,-999,-999
projectseed-bds-production,BDS-Seed,9001,1,2026-09-09 21:00:00 (Central Daylight Time),Mozilla/5.0 (iPhone; CPU iPhone OS 18_6 like Mac OS X) AppleWebKit/605.1.15,00000000-0000-0000-0000-000000000002,844,390,eng,-999.0,2026-09-09 21:00:18 (Central Daylight Time),18000,2,12,21,0.0,True,1500.0,2100.0,11,12,adolescent,2026-09-07,training,3,,5,5.5,-999,-999
projectseed-bds-production,BDS-Seed,9001,1,2026-09-09 21:00:00 (Central Daylight Time),Mozilla/5.0 (iPhone; CPU iPhone OS 18_6 like Mac OS X) AppleWebKit/605.1.15,00000000-0000-0000-0000-000000000002,844,390,eng,-999.0,2026-09-09 21:00:27 (Central Daylight Time),27000,2,12,21,0.0,True,1500.0,2100.0,11,12,adolescent,2026-09-07,training,3,,5,5.5,-999,-999
projectseed-bds-production,BDS-Seed,9001,1,2026-09-09 21:00:00 (Central Daylight Time),Mozilla/5.0 (iPhone; CPU iPhone OS 18_6 like Mac OS X) AppleWebKit/605.1.15,00000000-0000-0000-0000-000000000002,844,390,eng,-999.0,2026-09-09 21:00:36 (Central Daylight Time),36000,2,12,21,0.0,True,1500.0,2100.0,11,12,adolescent,2026-09-07,training,3,,5,5.5,-999,-999
projectseed-bds-production,BDS-Seed,9001,1,2026-09-09 21:00:00 (Central Daylight Time),Mozilla/5.0 (iPhone; CPU iPhone OS 18_6 like Mac OS X) AppleWebKit/605.1.15,00000000-0000-0000-0000-000000000002,844,390,eng,1.0,2026-09-09 21:00:45 (Central Daylight Time),45000,2,12,21,1.0,True,1500.0,2100.0,11,12,adolescent,2026-09-07,test,3,,5,5.5,-999,-999
projectseed-bds-production,BDS-Seed,9001,1,2026-09-09 21:00:00 (Central Daylight Time),Mozilla/5.0 (iPhone; CPU iPhone OS 18_6 like Mac OS X) AppleWebKit/605.1.15,00000000-0000-0000-0000-000000000002,844,390,eng,2.0,2026-09-09 21:00:54 (Central Daylight Time),54000,2,12,21,1.0,True,1500.0,2100.0,11,12,adolescent,2026-09-07,test,3,,5,5.5,-999,-999
projectseed-bds-production,BDS-Seed,9001,1,2026-09-09 21:00:00 (Central Daylight Time),Mozilla/5.0 (iPhone; CPU iPhone OS 18_6 like Mac OS X) AppleWebKit/605.1.15,00000000-0000-0000-0000-000000000002,844,390,eng,3.0,2026-09-09 21:01:03 (Central Daylight Time),63000,3,123,321,1.0,True,1500.0,2100.0,111,12,adolescent,2026-09-07,test,3,,5,5.5,-999,-999
projectseed-bds-production,BDS-Seed,9001,1,2026-09-09 21:00:00 (Central Daylight Time),Mozilla/5.0 (iPhone; CPU iPhone OS 18_6 like Mac OS X) AppleWebKit/605.1.15,00000000-0000-0000-0000-000000000002,844,390,eng,4.0,2026-09-09 21:01:12 (Central Daylight Time),72000,3,123,321,1.0,True,1500.0,2100.0,111,12,adolescent,2026-09-07,test,3,,5,5.5,-999,-999
projectseed-bds-production,BDS-Seed,9001,1,2026-09-09 21:00:00 (Central Daylight Time),Mozilla/5.0 (iPhone; CPU iPhone OS 18_6 like Mac OS X) AppleWebKit/605.1.15,00000000-0000-0000-0000-000000000002,844,390,eng,5.0,2026-09-09 21:01:21 (Central Daylight Time),81000,4,1234,4321,1.0,True,1500.0,2100.0,1111,12,adolescent,2026-09-07,test,3,,5,5.5,-999,-999
projectseed-bds-production,BDS-Seed,9001,1,2026-09-09 21:00:00 (Central Daylight Time),Mozilla/5.0 (iPhone; CPU iPhone OS 18_6 like Mac OS X) AppleWebKit/605.1.15,00000000-0000-0000-0000-000000000002,844,390,eng,6.0,2026-09-09 21:01:30 (Central Daylight Time),90000,4,1234,4321,1.0,True,1500.0,2100.0,1111,12,adolescent,2026-09-07,test,3,,5,5.5,-999,-999
projectseed-bds-production,BDS-Seed,9001,1,2026-09-09 21:00:00 (Central Daylight Time),Mozilla/5.0 (iPhone; CPU iPhone OS 18_6 like Mac OS X) AppleWebKit/605.1.15,00000000-0000-0000-0000-000000000002,844,390,eng,7.0,2026-09-09 21:01:39 (Central Daylight Time),99000,5,12345,54321,1.0,True,1500.0,2100.0,11111,12,adolescent,2026-09-07,test,3,,5,5.5,-999,-999
projectseed-bds-production,BDS-Seed,9001,1,2026-09-10 21:00:00 (Central Daylight Time),Mozilla/5.0 (iPhone; CPU iPhone OS 18_6 like Mac OS X) AppleWebKit/605.1.15,00000000-0000-0000-0000-000000000003,844,390,eng,-999.0,2026-09-10 21:00:09 (Central Daylight Time),9000,2,12,21,0.0,True,1500.0,2100.0,11,12,adolescent,2026-09-07,training,4,,3,3.5,-999,-999
projectseed-bds-production,BDS-Seed,9001,1,2026-09-10 21:00:00 (Central Daylight Time),Mozilla/5.0 (iPhone; CPU iPhone OS 18_6 like Mac OS X) AppleWebKit/605.1.15,00000000-0000-0000-0000-000000000003,844,390,eng,-999.0,2026-09-10 21:00:18 (Central Daylight Time),18000,2,12,21,0.0,True,1500.0,2100.0,11,12,adolescent,2026-09-07,training,4,,3,3.5,-999,-999
projectseed-bds-production,BDS-Seed,9001,1,2026-09-10 21:00:00 (Central Daylight Time),Mozilla/5.0 (iPhone; CPU iPhone OS 18_6 like Mac OS X) AppleWebKit/605.1.15,00000000-0000-0000-0000-000000000003,844,390,eng,-999.0,2026-09-10 21:00:27 (Central Daylight Time),27000,2,12,21,0.0,True,1500.0,2100.0,11,12,adolescent,2026-09-07,training,4,,3,3.5,-999,-999
projectseed-bds-production,BDS-Seed,9001,1,2026-09-10 21:00:00 (Central Daylight Time),Mozilla/5.0 (iPhone; CPU iPhone OS 18_6 like Mac OS X) AppleWebKit/605.1.15,00000000-0000-0000-0000-000000000003,844,390,eng,-999.0,2026-09-10 21:00:36 (Central Daylight Time),36000,2,12,21,0.0,True,1500.0,2100.0,11,12,adolescent,2026-09-07,training,4,,3,3.5,-999,-999
projectseed-bds-production,BDS-Seed,9001,1,2026-09-10 21:00:00 (Central Daylight Time),Mozilla/5.0 (iPhone; CPU iPhone OS 18_6 like Mac OS X) AppleWebKit/605.1.15,00000000-0000-0000-0000-000000000003,844,390,eng,1.0,2026-09-10 21:00:45 (Central Daylight Time),45000,2,12,21,1.0,True,1500.0,2100.0,11,12,adolescent,2026-09-07,test,4,,3,3.5,-999,-999
projectseed-bds-production,BDS-Seed,9001,1,2026-09-10 21:00:00 (Central Daylight Time),Mozilla/5.0 (iPhone; CPU iPhone OS 18_6 like Mac OS X) AppleWebKit/605.1.15,00000000-0000-0000-0000-000000000003,844,390,eng,2.0,2026-09-10 21:00:54 (Central Daylight Time),54000,2,12,21,1.0,True,1500.0,2100.0,11,12,adolescent,2026-09-07,test,4,,3,3.5,-999,-999
projectseed-bds-production,BDS-Seed,9001,1,2026-09-10 21:00:00 (Central Daylight Time),Mozilla/5.0 (iPhone; CPU iPhone OS 18_6 like Mac OS X) AppleWebKit/605.1.15,00000000-0000-0000-0000-000000000003,844,390,eng,3.0,2026-09-10 21:01:03 (Central Daylight Time),63000,3,123,321,1.0,True,1500.0,2100.0,111,12,adolescent,2026-09-07,test,4,,3,3.5,-999,-999
projectseed-bds-production,BDS-Seed,9001,1,2026-09-10 21:30:00 (Central Daylight Time),Mozilla/5.0 (iPhone; CPU iPhone OS 18_6 like Mac OS X) AppleWebKit/605.1.15,00000000-0000-0000-0000-000000000004,844,390,eng,-999.0,2026-09-10 21:30:09 (Central Daylight Time),9000,2,12,21,0.0,True,1500.0,2100.0,11,12,adolescent,2026-09-07,training,4,,7,7.5,7,12
projectseed-bds-production,BDS-Seed,9001,1,2026-09-10 21:30:00 (Central Daylight Time),Mozilla/5.0 (iPhone; CPU iPhone OS 18_6 like Mac OS X) AppleWebKit/605.1.15,00000000-0000-0000-0000-000000000004,844,390,eng,-999.0,2026-09-10 21:30:18 (Central Daylight Time),18000,2,12,21,0.0,True,1500.0,2100.0,11,12,adolescent,2026-09-07,training,4,,7,7.5,7,12
projectseed-bds-production,BDS-Seed,9001,1,2026-09-10 21:30:00 (Central Daylight Time),Mozilla/5.0 (iPhone; CPU iPhone OS 18_6 like Mac OS X) AppleWebKit/605.1.15,00000000-0000-0000-0000-000000000004,844,390,eng,-999.0,2026-09-10 21:30:27 (Central Daylight Time),27000,2,12,21,0.0,True,1500.0,2100.0,11,12,adolescent,2026-09-07,training,4,,7,7.5,7,12
projectseed-bds-production,BDS-Seed,9001,1,2026-09-10 21:30:00 (Central Daylight Time),Mozilla/5.0 (iPhone; CPU iPhone OS 18_6 like Mac OS X) AppleWebKit/605.1.15,00000000-0000-0000-0000-000000000004,844,390,eng,-999.0,2026-09-10 21:30:36 (Central Daylight Time),36000,2,12,21,0.0,True,1500.0,2100.0,11,12,adolescent,2026-09-07,training,4,,7,7.5,7,12
projectseed-bds-production,BDS-Seed,9001,1,2026-09-10 21:30:00 (Central Daylight Time),Mozilla/5.0 (iPhone; CPU iPhone OS 18_6 like Mac OS X) AppleWebKit/605.1.15,00000000-0000-0000-0000-000000000004,844,390,eng,1.0,2026-09-10 21:30:45 (Central Daylight Time),45000,2,12,21,1.0,True,1500.0,2100.0,11,12,adolescent,2026-09-07,test,4,,7,7.5,7,12
projectseed-bds-production,BDS-Seed,9001,1,2026-09-10 21:30:00 (Central Daylight Time),Mozilla/5.0 (iPhone; CPU iPhone OS 18_6 like Mac OS X) AppleWebKit/605.1.15,00000000-0000-0000-0000-000000000004,844,390,eng,2.0,2026-09-10 21:30:54 (Central Daylight Time),54000,2,12,21,1.0,True,1500.0,2100.0,11,12,adolescent,2026-09-07,test,4,,7,7.5,7,12
projectseed-bds-production,BDS-Seed,9001,1,2026-09-10 21:30:00 (Central Daylight Time),Mozilla/5.0 (iPhone; CPU iPhone OS 18_6 like Mac OS X) AppleWebKit/605.1.15,00000000-0000-0000-0000-000000000004,844,390,eng,3.0,2026-09-10 21:31:03 (Central Daylight Time),63000,3,123,321,1.0,True,1500.0,2100.0,111,12,adolescent,2026-09-07,test,4,,7,7.5,7,12
projectseed-bds-production,BDS-Seed,9001,1,2026-09-10 21:30:00 (Central Daylight Time),Mozilla/5.0 (iPhone; CPU iPhone OS 18_6 like Mac OS X) AppleWebKit/605.1.15,00000000-0000-0000-0000-000000000004,844,390,eng,4.0,2026-09-10 21:31:12 (Central Daylight Time),72000,3,123,321,1.0,True,1500.0,2100.0,111,12,adolescent,2026-09-07,test,4,,7,7.5,7,12
projectseed-bds-production,BDS-Seed,9001,1,2026-09-10 21:30:00 (Central Daylight Time),Mozilla/5.0 (iPhone; CPU iPhone OS 18_6 like Mac OS X) AppleWebKit/605.1.15,00000000-0000-0000-0000-000000000004,844,390,eng,5.0,2026-09-10 21:31:21 (Central Daylight Time),81000,4,1234,4321,1.0,True,1500.0,2100.0,1111,12,adolescent,2026-09-07,test,4,,7,7.5,7,12
projectseed-bds-production,BDS-Seed,9001,1,2026-09-10 21:30:00 (Central Daylight Time),Mozilla/5.0 (iPhone; CPU iPhone OS 18_6 like Mac OS X) AppleWebKit/605.1.15,00000000-0000-0000-0000-000000000004,844,390,eng,6.0,2026-09-10 21:31:30 (Central Daylight Time),90000,4,1234,4321,1.0,True,1500.0,2100.0,1111,12,adolescent,2026-09-07,test,4,,7,7.5,7,12
projectseed-bds-production,BDS-Seed,9001,1,2026-09-10 21:30:00 (Central Daylight Time),Mozilla/5.0 (iPhone; CPU iPhone OS 18_6 like Mac OS X) AppleWebKit/605.1.15,00000000-0000-0000-0000-000000000004,844,390,eng,7.0,2026-09-10 21:31:39 (Central Daylight Time),99000,5,12345,54321,1.0,True,1500.0,2100.0,11111,12,adolescent,2026-09-07,test,4,,7,7.5,7,12
projectseed-bds-production,BDS-Seed,9001,1,2026-09-10 21:30:00 (Central Daylight Time),Mozilla/5.0 (iPhone; CPU iPhone OS 18_6 like Mac OS X) AppleWebKit/605.1.15,00000000-0000-0000-0000-000000000004,844,390,eng,8.0,2026-09-10 21:31:48 (Central Daylight Time),108000,5,12345,54321,1.0,True,1500.0,2100.0,11111,12,adolescent,2026-09-07,test,4,,7,7.5,7,12
projectseed-bds-production,BDS-Seed,9001,1,2026-09-10 21:30:00 (Central Daylight Time),Mozilla/5.0 (iPhone; CPU iPhone OS 18_6 like Mac OS X) AppleWebKit/605.1.15,00000000-0000-0000-0000-000000000004,844,390,eng,9.0,2026-09-10 21:31:57 (Central Daylight Time),117000,6,123456,654321,1.0,True,1500.0,2100.0,111111,12,adolescent,2026-09-07,test,4,,7,7.5,7,12
projectseed-bds-production,BDS-Seed,9001,1,2026-09-10 21:30:00 (Central Daylight Time),Mozilla/5.0 (iPhone; CPU iPhone OS 18_6 like Mac OS X) AppleWebKit/605.1.15,00000000-0000-0000-0000-000000000004,844,390,eng,10.0,2026-09-10 21:32:06 (Central Daylight Time),126000,6,123456,654321,1.0,True,1500.0,2100.0,111111,12,adolescent,2026-09-07,test,4,,7,7.5,7,12
projectseed-bds-production,BDS-Seed,9001,1,2026-09-10 21:30:00 (Central Daylight Time),Mozilla/5.0 (iPhone; CPU iPhone OS 18_6 like Mac OS X) AppleWebKit/605.1.15,00000000-0000-0000-0000-000000000004,844,390,eng,11.0,2026-09-10 21:32:15 (Central Daylight Time),135000,7,1234567,7654321,1.0,True,1500.0,2100.0,1111111,12,adolescent,2026-09-07,test,4,,7,7.5,7,12
projectseed-bds-production,BDS-Seed,9001,1,2026-09-10 21:30:00 (Central Daylight Time),Mozilla/5.0 (iPhone; CPU iPhone OS 18_6 like Mac OS X) AppleWebKit/605.1.15,00000000-0000-0000-0000-000000000004,844,390,eng,12.0,2026-09-10 21:32:24 (Central Daylight Time),144000,7,1234567,7654321,1.0,True,1500.0,2100.0,1111111,12,adolescent,2026-09-07,test,4,,7,7.5,7,12
projectseed-bds-production,BDS-Seed,9001,1,2026-09-10 21:30:00 (Central Daylight Time),Mozilla/5.0 (iPhone; CPU iPhone OS 18_6 like Mac OS X) AppleWebKit/605.1.15,00000000-0000-0000-0000-000000000004,844,390,eng,13.0,2026-09-10 21:32:33 (Central Daylight Time),153000,8,12345678,87654321,1.0,False,1500.0,2100.0,11111111,12,adolescent,2026-09-07,test,4,,7,7.5,7,12
projectseed-bds-production,BDS-Seed,9001,1,2026-09-10 21:30:00 (Central Daylight Time),Mozilla/5.0 (iPhone; CPU iPhone OS 18_6 like Mac OS X) AppleWebKit/605.1.15,00000000-0000-0000-0000-000000000004,844,390,eng,14.0,2026-09-10 21:32:42 (Central Daylight Time),162000,8,12345678,87654321,1.0,False,1500.0,2100.0,11111111,12,adolescent,2026-09-07,test,4,,7,7.5,7,12
projectseed-bds-production,BDS-Seed,9001,1,2026-09-11 21:00:00 (Central Daylight Time),Mozilla/5.0 (iPhone; CPU iPhone OS 18_6 like Mac OS X) AppleWebKit/605.1.15,00000000-0000-0000-0000-000000000005,844,390,eng,-999.0,2026-09-11 21:00:09 (Central Daylight Time),9000,2,12,21,0.0,True,1500.0,2100.0,11,12,adolescent,2026-09-07,training,5,,3,3.0,3,4
projectseed-bds-production,BDS-Seed,9001,1,2026-09-11 21:00:00 (Central Daylight Time),Mozilla/5.0 (iPhone; CPU iPhone OS 18_6 like Mac OS X) AppleWebKit/605.1.15,00000000-0000-0000-0000-000000000005,844,390,eng,-999.0,2026-09-11 21:00:18 (Central Daylight Time),18000,2,12,21,0.0,True,1500.0,2100.0,11,12,adolescent,2026-09-07,training,5,,3,3.0,3,4
projectseed-bds-production,BDS-Seed,9001,1,2026-09-11 21:00:00 (Central Daylight Time),Mozilla/5.0 (iPhone; CPU iPhone OS 18_6 like Mac OS X) AppleWebKit/605.1.15,00000000-0000-0000-0000-000000000005,844,390,eng,-999.0,2026-09-11 21:00:27 (Central Daylight Time),27000,2,12,21,0.0,True,1500.0,2100.0,11,12,adolescent,2026-09-07,training,5,,3,3.0,3,4
projectseed-bds-production,BDS-Seed,9001,1,2026-09-11 21:00:00 (Central Daylight Time),Mozilla/5.0 (iPhone; CPU iPhone OS 18_6 like Mac OS X) AppleWebKit/605.1.15,00000000-0000-0000-0000-000000000005,844,390,eng,-999.0,2026-09-11 21:00:36 (Central Daylight Time),36000,2,12,21,0.0,True,1500.0,2100.0,11,12,adolescent,2026-09-07,training,5,,3,3.0,3,4
projectseed-bds-production,BDS-Seed,9001,1,2026-09-11 21:00:00 (Central Daylight Time),Mozilla/5.0 (iPhone; CPU iPhone OS 18_6 like Mac OS X) AppleWebKit/605.1.15,00000000-0000-0000-0000-000000000005,844,390,eng,1.0,2026-09-11 21:00:45 (Central Daylight Time),45000,2,12,21,1.0,True,1500.0,2100.0,11,12,adolescent,2026-09-07,test,5,,3,3.0,3,4
projectseed-bds-production,BDS-Seed,9001,1,2026-09-11 21:00:00 (Central Daylight Time),Mozilla/5.0 (iPhone; CPU iPhone OS 18_6 like Mac OS X) AppleWebKit/605.1.15,00000000-0000-0000-0000-000000000005,844,390,eng,2.0,2026-09-11 21:00:54 (Central Daylight Time),54000,2,12,21,1.0,True,1500.0,2100.0,11,12,adolescent,2026-09-07,test,5,,3,3.0,3,4
projectseed-bds-production,BDS-Seed,9001,1,2026-09-11 21:00:00 (Central Daylight Time),Mozilla/5.0 (iPhone; CPU iPhone OS 18_6 like Mac OS X) AppleWebKit/605.1.15,00000000-0000-0000-0000-000000000005,844,390,eng,3.0,2026-09-11 21:01:03 (Central Daylight Time),63000,3,123,321,1.0,True,1500.0,2100.0,111,12,adolescent,2026-09-07,test,5,,3,3.0,3,4
projectseed-bds-production,BDS-Seed,9001,1,2026-09-11 21:00:00 (Central Daylight Time),Mozilla/5.0 (iPhone; CPU iPhone OS 18_6 like Mac OS X) AppleWebKit/605.1.15,00000000-0000-0000-0000-000000000005,844,390,eng,4.0,2026-09-11 21:01:12 (Central Daylight Time),72000,3,123,321,1.0,False,1500.0,2100.0,111,12,adolescent,2026-09-07,test,5,,3,3.0,3,4
projectseed-bds-production,BDS-Seed,9001,1,2026-09-11 21:00:00 (Central Daylight Time),Mozilla/5.0 (iPhone; CPU iPhone OS 18_6 like Mac OS X) AppleWebKit/605.1.15,00000000-0000-0000-0000-000000000005,844,390,eng,5.0,2026-09-11 21:01:21 (Central Daylight Time),81000,4,1234,4321,1.0,False,1500.0,2100.0,1111,12,adolescent,2026-09-07,test,5,,3,3.0,3,4
projectseed-bds-production,BDS-Seed,9001,1,2026-09-11 21:00:00 (Central Daylight Time),Mozilla/5.0 (iPhone; CPU iPhone OS 18_6 like Mac OS X) AppleWebKit/605.1.15,00000000-0000-0000-0000-000000000005,844,390,eng,6.0,2026-09-11 21:01:30 (Central Daylight Time),90000,4,1234,4321,1.0,False,1500.0,2100.0,1111,12,adolescent,2026-09-07,test,5,,3,3.0,3,4
projectseed-bds-production,BDS-Seed,9001,1,2026-09-11 21:00:00 (Central Daylight Time),Mozilla/5.0 (iPhone; CPU iPhone OS 18_6 like Mac OS X) AppleWebKit/605.1.15,00000000-0000-0000-0000-000000000005,844,390,eng,7.0,2026-09-11 21:01:39 (Central Daylight Time),99000,5,12345,54321,1.0,False,1500.0,2100.0,11111,12,adolescent,2026-09-07,test,5,,3,3.0,3,4
projectseed-bds-production,BDS-Seed,9001,1,2026-09-11 21:00:00 (Central Daylight Time),Mozilla/5.0 (iPhone; CPU iPhone OS 18_6 like Mac OS X) AppleWebKit/605.1.15,00000000-0000-0000-0000-000000000005,844,390,eng,8.0,2026-09-11 21:01:48 (Central Daylight Time),108000,5,12345,54321,1.0,False,1500.0,2100.0,11111,12,adolescent,2026-09-07,test,5,,3,3.0,3,4
projectseed-bds-production,BDS-Seed,9001,1,2026-09-11 21:00:00 (Central Daylight Time),Mozilla/5.0 (iPhone; CPU iPhone OS 18_6 like Mac OS X) AppleWebKit/605.1.15,00000000-0000-0000-0000-000000000005,844,390,eng,9.0,2026-09-11 21:01:57 (Central Daylight Time),117000,6,123456,654321,1.0,False,1500.0,2100.0,111111,12,adolescent,2026-09-07,test,5,,3,3.0,3,4
projectseed-bds-production,BDS-Seed,9001,1,2026-09-11 21:00:00 (Central Daylight Time),Mozilla/5.0 (iPhone; CPU iPhone OS 18_6 like Mac OS X) AppleWebKit/605.1.15,00000000-0000-0000-0000-000000000005,844,390,eng,10.0,2026-09-11 21:02:06 (Central Daylight Time),126000,6,123456,654321,1.0,False,1500.0,2100.0,111111,12,adolescent,2026-09-07,test,5,,3,3.0,3,4
projectseed-bds-production,BDS-Seed,9001,1,2026-09-11 21:00:00 (Central Daylight Time),Mozilla/5.0 (iPhone; CPU iPhone OS 18_6 like Mac OS X) AppleWebKit/605.1.15,00000000-0000-0000-0000-000000000005,844,390,eng,11.0,2026-09-11 21:02:15 (Central Daylight Time),135000,7,1234567,7654321,1.0,False,1500.0,2100.0,1111111,12,adolescent,2026-09-07,test,5,,3,3.0,3,4
projectseed-bds-production,BDS-Seed,9001,1,2026-09-11 21:00:00 (Central Daylight Time),Mozilla/5.0 (iPhone; CPU iPhone OS 18_6 like Mac OS X) AppleWebKit/605.1.15,00000000-0000-0000-0000-000000000005,844,390,eng,12.0,2026-09-11 21:02:24 (Central Daylight Time),144000,7,1234567,7654321,1.0,False,1500.0,2100.0,1111111,12,adolescent,2026-09-07,test,5,,3,3.0,3,4
projectseed-bds-production,BDS-Seed,9001,1,2026-09-11 21:00:00 (Central Daylight Time),Mozilla/5.0 (iPhone; CPU iPhone OS 18_6 like Mac OS X) AppleWebKit/605.1.15,00000000-0000-0000-0000-000000000005,844,390,eng,13.0,2026-09-11 21:02:33 (Central Daylight Time),153000,8,12345678,87654321,1.0,False,1500.0,2100.0,11111111,12,adolescent,2026-09-07,test,5,,3,3.0,3,4
projectseed-bds-production,BDS-Seed,9001,1,2026-09-11 21:00:00 (Central Daylight Time),Mozilla/5.0 (iPhone; CPU iPhone OS 18_6 like Mac OS X) AppleWebKit/605.1.15,00000000-0000-0000-0000-000000000005,844,390,eng,14.0,2026-09-11 21:02:42 (Central Daylight Time),162000,8,12345678,87654321,1.0,False,1500.0,2100.0,11111111,12,adolescent,2026-09-07,test,5,,3,3.0,3,4
projectseed-bds-production,BDS-Seed,9001,1,2026-09-12 21:00:00 (Central Daylight Time),Mozilla/5.0 (iPhone; CPU iPhone OS 18_6 like Mac OS X) AppleWebKit/605.1.15,00000000-0000-0000-0000-000000000006,844,390,eng,-999.0,2026-09-12 21:00:09 (Central Daylight Time),9000,2,12,21,0.0,True,1500.0,2100.0,11,12,adolescent,2026-09-07,training,6,,8,8.5,-999,-999
projectseed-bds-production,BDS-Seed,9001,1,2026-09-12 21:00:00 (Central Daylight Time),Mozilla/5.0 (iPhone; CPU iPhone OS 18_6 like Mac OS X) AppleWebKit/605.1.15,00000000-0000-0000-0000-000000000006,844,390,eng,-999.0,2026-09-12 21:00:18 (Central Daylight Time),18000,2,12,21,0.0,True,1500.0,2100.0,11,12,adolescent,2026-09-07,training,6,,8,8.5,-999,-999
projectseed-bds-production,BDS-Seed,9001,1,2026-09-12 21:00:00 (Central Daylight Time),Mozilla/5.0 (iPhone; CPU iPhone OS 18_6 like Mac OS X) AppleWebKit/605.1.15,00000000-0000-0000-0000-000000000006,844,390,eng,-999.0,2026-09-12 21:00:27 (Central Daylight Time),27000,2,12,21,0.0,True,1500.0,2100.0,11,12,adolescent,2026-09-07,training,6,,8,8.5,-999,-999
projectseed-bds-production,BDS-Seed,9001,1,2026-09-12 21:00:00 (Central Daylight Time),Mozilla/5.0 (iPhone; CPU iPhone OS 18_6 like Mac OS X) AppleWebKit/605.1.15,00000000-0000-0000-0000-000000000006,844,390,eng,-999.0,2026-09-12 21:00:36 (Central Daylight Time),36000,2,12,21,0.0,True,1500.0,2100.0,11,12,adolescent,2026-09-07,training,6,,8,8.5,-999,-999
projectseed-bds-production,BDS-Seed,9001,1,2026-09-12 21:00:00 (Central Daylight Time),Mozilla/5.0 (iPhone; CPU iPhone OS 18_6 like Mac OS X) AppleWebKit/605.1.15,00000000-0000-0000-0000-000000000006,844,390,eng,1.0,2026-09-12 21:00:45 (Central Daylight Time),45000,2,12,21,1.0,True,1500.0,2100.0,11,12,adolescent,2026-09-07,test,6,,8,8.5,-999,-999
projectseed-bds-production,BDS-Seed,9001,1,2026-09-12 21:00:00 (Central Daylight Time),Mozilla/5.0 (iPhone; CPU iPhone OS 18_6 like Mac OS X) AppleWebKit/605.1.15,00000000-0000-0000-0000-000000000006,844,390,eng,2.0,2026-09-12 21:00:54 (Central Daylight Time),54000,2,12,21,1.0,True,1500.0,2100.0,11,12,adolescent,2026-09-07,test,6,,8,8.5,-999,-999
projectseed-bds-production,BDS-Seed,9001,1,2026-09-12 21:00:00 (Central Daylight Time),Mozilla/5.0 (iPhone; CPU iPhone OS 18_6 like Mac OS X) AppleWebKit/605.1.15,00000000-0000-0000-0000-000000000006,844,390,eng,3.0,2026-09-12 21:01:03 (Central Daylight Time),63000,3,123,321,1.0,True,1500.0,2100.0,111,12,adolescent,2026-09-07,test,6,,8,8.5,-999,-999
projectseed-bds-production,BDS-Seed,9001,1,2026-09-12 21:00:00 (Central Daylight Time),Mozilla/5.0 (iPhone; CPU iPhone OS 18_6 like Mac OS X) AppleWebKit/605.1.15,00000000-0000-0000-0000-000000000006,844,390,eng,4.0,2026-09-12 21:01:12 (Central Daylight Time),72000,3,123,321,1.0,True,1500.0,2100.0,111,12,adolescent,2026-09-07,test,6,,8,8.5,-999,-999
projectseed-bds-production,BDS-Seed,9001,1,2026-09-12 21:00:00 (Central Daylight Time),Mozilla/5.0 (iPhone; CPU iPhone OS 18_6 like Mac OS X) AppleWebKit/605.1.15,00000000-0000-0000-0000-000000000006,844,390,eng,5.0,2026-09-12 21:01:21 (Central Daylight Time),81000,4,1234,4321,1.0,True,1500.0,2100.0,1111,12,adolescent,2026-09-07,test,6,,8,8.5,-999,-999
projectseed-bds-production,BDS-Seed,9001,1,2026-09-12 21:00:00 (Central Daylight Time),Mozilla/5.0 (iPhone; CPU iPhone OS 18_6 like Mac OS X) AppleWebKit/605.1.15,00000000-0000-0000-0000-000000000006,844,390,eng,6.0,2026-09-12 21:01:30 (Central Daylight Time),90000,4,1234,4321,1.0,True,1500.0,2100.0,1111,12,adolescent,2026-09-07,test,6,,8,8.5,-999,-999
projectseed-bds-production,BDS-Seed,9001,1,2026-09-12 21:00:00 (Central Daylight Time),Mozilla/5.0 (iPhone; CPU iPhone OS 18_6 like Mac OS X) AppleWebKit/605.1.15,00000000-0000-0000-0000-000000000006,844,390,eng,7.0,2026-09-12 21:01:39 (Central Daylight Time),99000,5,12345,54321,1.0,True,1500.0,2100.0,11111,12,adolescent,2026-09-07,test,6,,8,8.5,-999,-999
projectseed-bds-production,BDS-Seed,9001,1,2026-09-12 21:00:00 (Central Daylight Time),Mozilla/5.0 (iPhone; CPU iPhone OS 18_6 like Mac OS X) AppleWebKit/605.1.15,00000000-0000-0000-0000-000000000006,844,390,eng,8.0,2026-09-12 21:01:48 (Central Daylight Time),108000,5,12345,54321,1.0,True,1500.0,2100.0,11111,12,adolescent,2026-09-07,test,6,,8,8.5,-999,-999
projectseed-bds-production,BDS-Seed,9001,1,2026-09-12 21:00:00 (Central Daylight Time),Mozilla/5.0 (iPhone; CPU iPhone OS 18_6 like Mac OS X) AppleWebKit/605.1.15,00000000-0000-0000-0000-000000000006,844,390,eng,9.0,2026-09-12 21:01:57 (Central Daylight Time),117000,6,123456,654321,1.0,True,1500.0,2100.0,111111,12,adolescent,2026-09-07,test,6,,8,8.5,-999,-999
projectseed-bds-production,BDS-Seed,9001,1,2026-09-12 21:00:00 (Central Daylight Time),Mozilla/5.0 (iPhone; CPU iPhone OS 18_6 like Mac OS X) AppleWebKit/605.1.15,00000000-0000-0000-0000-000000000006,844,390,eng,10.0,2026-09-12 21:02:06 (Central Daylight Time),126000,6,123456,654321,1.0,True,1500.0,2100.0,111111,12,adolescent,2026-09-07,test,6,,8,8.5,-999,-999
projectseed-bds-production,BDS-Seed,9001,1,2026-09-12 21:00:00 (Central Daylight Time),Mozilla/5.0 (iPhone; CPU iPhone OS 18_6 like Mac OS X) AppleWebKit/605.1.15,00000000-0000-0000-0000-000000000006,844,390,eng,11.0,2026-09-12 21:02:15 (Central Daylight Time),135000,7,1234567,7654321,1.0,True,1500.0,2100.0,1111111,12,adolescent,2026-09-07,test,6,,8,8.5,-999,-999
projectseed-bds-production,BDS-Seed,9001,1,2026-09-12 21:00:00 (Central Daylight Time),Mozilla/5.0 (iPhone; CPU iPhone OS 18_6 like Mac OS X) AppleWebKit/605.1.15,00000000-0000-0000-0000-000000000006,844,390,eng,12.0,2026-09-12 21:02:24 (Central Daylight Time),144000,7,1234567,7654321,1.0,True,1500.0,2100.0,1111111,12,adolescent,2026-09-07,test,6,,8,8.5,-999,-999
projectseed-bds-production,BDS-Seed,9001,1,2026-09-12 21:00:00 (Central Daylight Time),Mozilla/5.0 (iPhone; CPU iPhone OS 18_6 like Mac OS X) AppleWebKit/605.1.15,00000000-0000-0000-0000-000000000006,844,390,eng,13.0,2026-09-12 21:02:33 (Central Daylight Time),153000,8,12345678,87654321,1.0,True,1500.0,2100.0,11111111,12,adolescent,2026-09-07,test,6,,8,8.5,-999,-999
projectseed-bds-production,BDS-Seed,9001,1,2026-09-12 21:00:00 (Central Daylight Time),Mozilla/5.0 (iPhone; CPU iPhone OS 18_6 like Mac OS X) AppleWebKit/605.1.15,00000000-0000-0000-0000-000000000006,844,390,eng,14.0,2026-09-12 21:02:42 (Central Daylight Time),162000,8,12345678,87654321,1.0,True,1500.0,2100.0,11111111,12,adolescent,2026-09-07,test,6,,8,8.5,-999,-999
projectseed-bds-production,BDS-Seed,9001,1,2026-09-14 00:20:00 (Central Daylight Time),Mozilla/5.0 (iPhone; CPU iPhone OS 18_6 like Mac OS X) AppleWebKit/605.1.15,00000000-0000-0000-0000-000000000007,844,390,eng,-999.0,2026-09-14 00:20:09 (Central Daylight Time),9000,2,12,21,0.0,True,1500.0,2100.0,11,12,adolescent,2026-09-07,training,7,,7,7.0,7,12
projectseed-bds-production,BDS-Seed,9001,1,2026-09-14 00:20:00 (Central Daylight Time),Mozilla/5.0 (iPhone; CPU iPhone OS 18_6 like Mac OS X) AppleWebKit/605.1.15,00000000-0000-0000-0000-000000000007,844,390,eng,-999.0,2026-09-14 00:20:18 (Central Daylight Time),18000,2,12,21,0.0,True,1500.0,2100.0,11,12,adolescent,2026-09-07,training,7,,7,7.0,7,12
projectseed-bds-production,BDS-Seed,9001,1,2026-09-14 00:20:00 (Central Daylight Time),Mozilla/5.0 (iPhone; CPU iPhone OS 18_6 like Mac OS X) AppleWebKit/605.1.15,00000000-0000-0000-0000-000000000007,844,390,eng,-999.0,2026-09-14 00:20:27 (Central Daylight Time),27000,2,12,21,0.0,True,1500.0,2100.0,11,12,adolescent,2026-09-07,training,7,,7,7.0,7,12
projectseed-bds-production,BDS-Seed,9001,1,2026-09-14 00:20:00 (Central Daylight Time),Mozilla/5.0 (iPhone; CPU iPhone OS 18_6 like Mac OS X) AppleWebKit/605.1.15,00000000-0000-0000-0000-000000000007,844,390,eng,-999.0,2026-09-14 00:20:36 (Central Daylight Time),36000,2,12,21,0.0,True,1500.0,2100.0,11,12,adolescent,2026-09-07,training,7,,7,7.0,7,12
projectseed-bds-production,BDS-Seed,9001,1,2026-09-14 00:20:00 (Central Daylight Time),Mozilla/5.0 (iPhone; CPU iPhone OS 18_6 like Mac OS X) AppleWebKit/605.1.15,00000000-0000-0000-0000-000000000007,844,390,eng,1.0,2026-09-14 00:20:45 (Central Daylight Time),45000,2,12,21,1.0,True,1500.0,2100.0,11,12,adolescent,2026-09-07,test,7,,7,7.0,7,12
projectseed-bds-production,BDS-Seed,9001,1,2026-09-14 00:20:00 (Central Daylight Time),Mozilla/5.0 (iPhone; CPU iPhone OS 18_6 like Mac OS X) AppleWebKit/605.1.15,00000000-0000-0000-0000-000000000007,844,390,eng,2.0,2026-09-14 00:20:54 (Central Daylight Time),54000,2,12,21,1.0,True,1500.0,2100.0,11,12,adolescent,2026-09-07,test,7,,7,7.0,7,12
projectseed-bds-production,BDS-Seed,9001,1,2026-09-14 00:20:00 (Central Daylight Time),Mozilla/5.0 (iPhone; CPU iPhone OS 18_6 like Mac OS X) AppleWebKit/605.1.15,00000000-0000-0000-0000-000000000007,844,390,eng,3.0,2026-09-14 00:21:03 (Central Daylight Time),63000,3,123,321,1.0,True,1500.0,2100.0,111,12,adolescent,2026-09-07,test,7,,7,7.0,7,12
projectseed-bds-production,BDS-Seed,9001,1,2026-09-14 00:20:00 (Central Daylight Time),Mozilla/5.0 (iPhone; CPU iPhone OS 18_6 like Mac OS X) AppleWebKit/605.1.15,00000000-0000-0000-0000-000000000007,844,390,eng,4.0,2026-09-14 00:21:12 (Central Daylight Time),72000,3,123,321,1.0,True,1500.0,2100.0,111,12,adolescent,2026-09-07,test,7,,7,7.0,7,12
projectseed-bds-production,BDS-Seed,9001,1,2026-09-14 00:20:00 (Central Daylight Time),Mozilla/5.0 (iPhone; CPU iPhone OS 18_6 like Mac OS X) AppleWebKit/605.1.15,00000000-0000-0000-0000-000000000007,844,390,eng,5.0,2026-09-14 00:21:21 (Central Daylight Time),81000,4,1234,4321,1.0,True,1500.0,2100.0,1111,12,adolescent,2026-09-07,test,7,,7,7.0,7,12
projectseed-bds-production,BDS-Seed,9001,1,2026-09-14 00:20:00 (Central Daylight Time),Mozilla/5.0 (iPhone; CPU iPhone OS 18_6 like Mac OS X) AppleWebKit/605.1.15,00000000-0000-0000-0000-000000000007,844,390,eng,6.0,2026-09-14 00:21:30 (Central Daylight Time),90000,4,1234,4321,1.0,True,1500.0,2100.0,1111,12,adolescent,2026-09-07,test,7,,7,7.0,7,12
projectseed-bds-production,BDS-Seed,9001,1,2026-09-14 00:20:00 (Central Daylight Time),Mozilla/5.0 (iPhone; CPU iPhone OS 18_6 like Mac OS X) AppleWebKit/605.1.15,00000000-0000-0000-0000-000000000007,844,390,eng,7.0,2026-09-14 00:21:39 (Central Daylight Time),99000,5,12345,54321,1.0,True,1500.0,2100.0,11111,12,adolescent,2026-09-07,test,7,,7,7.0,7,12
projectseed-bds-production,BDS-Seed,9001,1,2026-09-14 00:20:00 (Central Daylight Time),Mozilla/5.0 (iPhone; CPU iPhone OS 18_6 like Mac OS X) AppleWebKit/605.1.15,00000000-0000-0000-0000-000000000007,844,390,eng,8.0,2026-09-14 00:21:48 (Central Daylight Time),108000,5,12345,54321,1.0,True,1500.0,2100.0,11111,12,adolescent,2026-09-07,test,7,,7,7.0,7,12
projectseed-bds-production,BDS-Seed,9001,1,2026-09-14 00:20:00 (Central Daylight Time),Mozilla/5.0 (iPhone; CPU iPhone OS 18_6 like Mac OS X) AppleWebKit/605.1.15,00000000-0000-0000-0000-000000000007,844,390,eng,9.0,2026-09-14 00:21:57 (Central Daylight Time),117000,6,123456,654321,1.0,True,1500.0,2100.0,111111,12,adolescent,2026-09-07,test,7,,7,7.0,7,12
projectseed-bds-production,BDS-Seed,9001,1,2026-09-14 00:20:00 (Central Daylight Time),Mozilla/5.0 (iPhone; CPU iPhone OS 18_6 like Mac OS X) AppleWebKit/605.1.15,00000000-0000-0000-0000-000000000007,844,390,eng,10.0,2026-09-14 00:22:06 (Central Daylight Time),126000,6,123456,654321,1.0,True,1500.0,2100.0,111111,12,adolescent,2026-09-07,test,7,,7,7.0,7,12
projectseed-bds-production,BDS-Seed,9001,1,2026-09-14 00:20:00 (Central Daylight Time),Mozilla/5.0 (iPhone; CPU iPhone OS 18_6 like Mac OS X) AppleWebKit/605.1.15,00000000-0000-0000-0000-000000000007,844,390,eng,11.0,2026-09-14 00:22:15 (Central Daylight Time),135000,7,1234567,7654321,1.0,True,1500.0,2100.0,1111111,12,adolescent,2026-09-07,test,7,,7,7.0,7,12
projectseed-bds-production,BDS-Seed,9001,1,2026-09-14 00:20:00 (Central Daylight Time),Mozilla/5.0 (iPhone; CPU iPhone OS 18_6 like Mac OS X) AppleWebKit/605.1.15,00000000-0000-0000-0000-000000000007,844,390,eng,12.0,2026-09-14 00:22:24 (Central Daylight Time),144000,7,1234567,7654321,1.0,False,1500.0,2100.0,1111111,12,adolescent,2026-09-07,test,7,,7,7.0,7,12
projectseed-bds-production,BDS-Seed,9001,1,2026-09-14 00:20:00 (Central Daylight Time),Mozilla/5.0 (iPhone; CPU iPhone OS 18_6 like Mac OS X) AppleWebKit/605.1.15,00000000-0000-0000-0000-000000000007,844,390,eng,13.0,2026-09-14 00:22:33 (Central Daylight Time),153000,8,12345678,87654321,1.0,False,1500.0,2100.0,11111111,12,adolescent,2026-09-07,test,7,,7,7.0,7,12
projectseed-bds-production,BDS-Seed,9001,1,2026-09-14 00:20:00 (Central Daylight Time),Mozilla/5.0 (iPhone; CPU iPhone OS 18_6 like Mac OS X) AppleWebKit/605.1.15,00000000-0000-0000-0000-000000000007,844,390,eng,14.0,2026-09-14 00:22:42 (Central Daylight Time),162000,8,12345678,87654321,1.0,False,1500.0,2100.0,11111111,12,adolescent,2026-09-07,test,7,,7,7.0,7,12
projectseed-bds-production,BDS-Seed,9002,1,2026-09-07 19:00:00 (Central Daylight Time),Mozilla/5.0 (iPhone; CPU iPhone OS 18_6 like Mac OS X) AppleWebKit/605.1.15,second-participant,844,390,eng,-999.0,2026-09-07 19:00:09 (Central Daylight Time),9000,2,12,21,0.0,True,1500.0,2100.0,11,12,adolescent,2026-09-07,training,1,,8,8.5,-999,-999
projectseed-bds-production,BDS-Seed,9002,1,2026-09-07 19:00:00 (Central Daylight Time),Mozilla/5.0 (iPhone; CPU iPhone OS 18_6 like Mac OS X) AppleWebKit/605.1.15,second-participant,844,390,eng,-999.0,2026-09-07 19:00:18 (Central Daylight Time),18000,2,12,21,0.0,True,1500.0,2100.0,11,12,adolescent,2026-09-07,training,1,,8,8.5,-999,-999
projectseed-bds-production,BDS-Seed,9002,1,2026-09-07 19:00:00 (Central Daylight Time),Mozilla/5.0 (iPhone; CPU iPhone OS 18_6 like Mac OS X) AppleWebKit/605.1.15,second-participant,844,390,eng,-999.0,2026-09-07 19:00:27 (Central Daylight Time),27000,2,12,21,0.0,True,1500.0,2100.0,11,12,adolescent,2026-09-07,training,1,,8,8.5,-999,-999
projectseed-bds-production,BDS-Seed,9002,1,2026-09-07 19:00:00 (Central Daylight Time),Mozilla/5.0 (iPhone; CPU iPhone OS 18_6 like Mac OS X) AppleWebKit/605.1.15,second-participant,844,390,eng,-999.0,2026-09-07 19:00:36 (Central Daylight Time),36000,2,12,21,0.0,True,1500.0,2100.0,11,12,adolescent,2026-09-07,training,1,,8,8.5,-999,-999
projectseed-bds-production,BDS-Seed,9002,1,2026-09-07 19:00:00 (Central Daylight Time),Mozilla/5.0 (iPhone; CPU iPhone OS 18_6 like Mac OS X) AppleWebKit/605.1.15,second-participant,844,390,eng,1.0,2026-09-07 19:00:45 (Central Daylight Time),45000,2,12,21,1.0,True,1500.0,2100.0,11,12,adolescent,2026-09-07,test,1,,8,8.5,-999,-999
projectseed-bds-production,BDS-Seed,9002,1,2026-09-07 19:00:00 (Central Daylight Time),Mozilla/5.0 (iPhone; CPU iPhone OS 18_6 like Mac OS X) AppleWebKit/605.1.15,second-participant,844,390,eng,2.0,2026-09-07 19:00:54 (Central Daylight Time),54000,2,12,21,1.0,True,1500.0,2100.0,11,12,adolescent,2026-09-07,test,1,,8,8.5,-999,-999
projectseed-bds-production,BDS-Seed,9002,1,2026-09-07 19:00:00 (Central Daylight Time),Mozilla/5.0 (iPhone; CPU iPhone OS 18_6 like Mac OS X) AppleWebKit/605.1.15,second-participant,844,390,eng,3.0,2026-09-07 19:01:03 (Central Daylight Time),63000,3,123,321,1.0,True,1500.0,2100.0,111,12,adolescent,2026-09-07,test,1,,8,8.5,-999,-999
projectseed-bds-production,BDS-Seed,9002,1,2026-09-07 19:00:00 (Central Daylight Time),Mozilla/5.0 (iPhone; CPU iPhone OS 18_6 like Mac OS X) AppleWebKit/605.1.15,second-participant,844,390,eng,4.0,2026-09-07 19:01:12 (Central Daylight Time),72000,3,123,321,1.0,True,1500.0,2100.0,111,12,adolescent,2026-09-07,test,1,,8,8.5,-999,-999
projectseed-bds-production,BDS-Seed,9002,1,2026-09-07 19:00:00 (Central Daylight Time),Mozilla/5.0 (iPhone; CPU iPhone OS 18_6 like Mac OS X) AppleWebKit/605.1.15,second-participant,844,390,eng,5.0,2026-09-07 19:01:21 (Central Daylight Time),81000,4,1234,4321,1.0,True,1500.0,2100.0,1111,12,adolescent,2026-09-07,test,1,,8,8.5,-999,-999
projectseed-bds-production,BDS-Seed,9002,1,2026-09-07 19:00:00 (Central Daylight Time),Mozilla/5.0 (iPhone; CPU iPhone OS 18_6 like Mac OS X) AppleWebKit/605.1.15,second-participant,844,390,eng,6.0,2026-09-07 19:01:30 (Central Daylight Time),90000,4,1234,4321,1.0,True,1500.0,2100.0,1111,12,adolescent,2026-09-07,test,1,,8,8.5,-999,-999
projectseed-bds-production,BDS-Seed,9002,1,2026-09-07 19:00:00 (Central Daylight Time),Mozilla/5.0 (iPhone; CPU iPhone OS 18_6 like Mac OS X) AppleWebKit/605.1.15,second-participant,844,390,eng,7.0,2026-09-07 19:01:39 (Central Daylight Time),99000,5,12345,54321,1.0,True,1500.0,2100.0,11111,12,adolescent,2026-09-07,test,1,,8,8.5,-999,-999
projectseed-bds-production,BDS-Seed,9002,1,2026-09-07 19:00:00 (Central Daylight Time),Mozilla/5.0 (iPhone; CPU iPhone OS 18_6 like Mac OS X) AppleWebKit/605.1.15,second-participant,844,390,eng,8.0,2026-09-07 19:01:48 (Central Daylight Time),108000,5,12345,54321,1.0,True,1500.0,2100.0,11111,12,adolescent,2026-09-07,test,1,,8,8.5,-999,-999
projectseed-bds-production,BDS-Seed,9002,1,2026-09-07 19:00:00 (Central Daylight Time),Mozilla/5.0 (iPhone; CPU iPhone OS 18_6 like Mac OS X) AppleWebKit/605.1.15,second-participant,844,390,eng,9.0,2026-09-07 19:01:57 (Central Daylight Time),117000,6,123456,654321,1.0,True,1500.0,2100.0,111111,12,adolescent,2026-09-07,test,1,,8,8.5,-999,-999
projectseed-bds-production,BDS-Seed,9002,1,2026-09-07 19:00:00 (Central Daylight Time),Mozilla/5.0 (iPhone; CPU iPhone OS 18_6 like Mac OS X) AppleWebKit/605.1.15,second-participant,844,390,eng,10.0,2026-09-07 19:02:06 (Central Daylight Time),126000,6,123456,654321,1.0,True,1500.0,2100.0,111111,12,adolescent,2026-09-07,test,1,,8,8.5,-999,-999
projectseed-bds-production,BDS-Seed,9002,1,2026-09-07 19:00:00 (Central Daylight Time),Mozilla/5.0 (iPhone; CPU iPhone OS 18_6 like Mac OS X) AppleWebKit/605.1.15,second-participant,844,390,eng,11.0,2026-09-07 19:02:15 (Central Daylight Time),135000,7,1234567,7654321,1.0,True,1500.0,2100.0,1111111,12,adolescent,2026-09-07,test,1,,8,8.5,-999,-999
projectseed-bds-production,BDS-Seed,9002,1,2026-09-07 19:00:00 (Central Daylight Time),Mozilla/5.0 (iPhone; CPU iPhone OS 18_6 like Mac OS X) AppleWebKit/605.1.15,second-participant,844,390,eng,12.0,2026-09-07 19:02:24 (Central Daylight Time),144000,7,1234567,7654321,1.0,True,1500.0,2100.0,1111111,12,adolescent,2026-09-07,test,1,,8,8.5,-999,-999
projectseed-bds-production,BDS-Seed,9002,1,2026-09-07 19:00:00 (Central Daylight Time),Mozilla/5.0 (iPhone; CPU iPhone OS 18_6 like Mac OS X) AppleWebKit/605.1.15,second-participant,844,390,eng,13.0,2026-09-07 19:02:33 (Central Daylight Time),153000,8,12345678,87654321,1.0,True,1500.0,2100.0,11111111,12,adolescent,2026-09-07,test,1,,8,8.5,-999,-999
projectseed-bds-production,BDS-Seed,9002,1,2026-09-07 19:00:00 (Central Daylight Time),Mozilla/5.0 (iPhone; CPU iPhone OS 18_6 like Mac OS X) AppleWebKit/605.1.15,second-participant,844,390,eng,14.0,2026-09-07 19:02:42 (Central Daylight Time),162000,8,12345678,87654321,1.0,True,1500.0,2100.0,11111111,12,adolescent,2026-09-07,test,1,,8,8.5,-999,-999
