experiment_name,ExperimentName,Subject,CurrentDate,useragent,day,session_uuid,screen_availHeight,screen_availWidth,lang,Trial,TrialEPrime,trial_timestamp,time_elapsed,TrialType,Name,SwitchType,SpcSWITCH,CriticalSlide.CRESP,CriticalSlide.ACC,CriticalSlide.RESP,CriticalSlide.RT,Procedure,Running,SHAPE,COLOR,StimulusWord,stimulus_load_time,role,cycle_start_date,task_section,connectivity
projectseed-cs-production,ColorShape-Seed,9001,2026-09-07 21:10:00 (Central Daylight Time),Mozilla/5.0 (iPhone; CPU iPhone OS 18_6 like Mac OS X) AppleWebKit/605.1.15,1,00000000-0000-0000-0000-00000000000a,844,390,eng,-999.0,1.0,2026-09-07 21:10:03 (Central Daylight Time),3000.0,1,color-0,1.0,1.0,0.0,True,0,600.0,PracticeProc,PracticeList,circle,red,COLOR,12,adolescent,2026-09-07,training,
projectseed-cs-production,ColorShape-Seed,9001,2026-09-07 21:10:00 (Central Daylight Time),Mozilla/5.0 (iPhone; CPU iPhone OS 18_6 like Mac OS X) AppleWebKit/605.1.15,1,00000000-0000-0000-0000-00000000000a,844,390,eng,-999.0,2.0,2026-09-07 21:10:06 (Central Daylight Time),6000.0,STAY,color-1,1.0,1.0,0.0,True,0,610.0,PracticeProc,PracticeList,circle,red,COLOR,12,adolescent,2026-09-07,training,
projectseed-cs-production,ColorShape-Seed,9001,2026-09-07 21:10:00 (Central Daylight Time),Mozilla/5.0 (iPhone; CPU iPhone OS 18_6 like Mac OS X) AppleWebKit/605.1.15,1,00000000-0000-0000-0000-00000000000a,844,390,eng,-999.0,3.0,2026-09-07 21:10:09 (Central Daylight Time),9000.0,SWITCH,shape-2,1.0,1.0,0.0,True,0,620.0,PracticeProc,PracticeList,circle,red,SHAPE,12,adolescent,2026-09-07,training,
projectseed-cs-production,ColorShape-Seed,9001,2026-09-07 21:10:00 (Central Daylight Time),Mozilla/5.0 (iPhone; CPU iPhone OS 18_6 like Mac OS X) AppleWebKit/605.1.15,1,00000000-0000-0000-0000-00000000000a,844,390,eng,-999.0,4.0,2026-09-07 21:10:12 (Central Daylight Time),12000.0,STAY,shape-3,1.0,1.0,0.0,True,0,630.0,PracticeProc,PracticeList,circle,red,SHAPE,12,adolescent,2026-09-07,training,
projectseed-cs-production,ColorShape-Seed,9001,2026-09-07 21:10:00 (Central Daylight Time),Mozilla/5.0 (iPhone; CPU iPhone OS 18_6 like Mac OS X) AppleWebKit/605.1.15,1,00000000-0000-0000-0000-00000000000a,844,390,eng,1.0,5.0,2026-09-07 21:10:15 (Central Daylight Time),15000.0,1,color-4,1.0,1.0,0.0,True,0,600.0,Experproc,ColorShapeExperiment,circle,red,COLOR,12,adolescent,2026-09-07,test,
projectseed-cs-production,ColorShape-Seed,9001,2026-09-07 21:10:00 (Central Daylight Time),Mozilla/5.0 (iPhone; CPU iPhone OS 18_6 like Mac OS X) AppleWebKit/605.1.15,1,00000000-0000-0000-0000-00000000000a,844,390,eng,2.0,6.0,2026-09-07 21:10:18 (Central Daylight Time),18000.0,STAY,color-5,1.0,1.0,0.0,True,0,610.0,Experproc,ColorShapeExperiment,circle,red,COLOR,12,adolescent,2026-09-07,test,
projectseed-cs-production,ColorShape-Seed,9001,2026-09-07 21:10:00 (Central Daylight Time),Mozilla/5.0 (iPhone; CPU iPhone OS 18_6 like Mac OS X) AppleWebKit/605.1.15,1,00000000-0000-0000-0000-00000000000a,844,390,eng,3.0,7.0,2026-09-07 21:10:21 (Central Daylight Time),21000.0,STAY,color-6,1.0,1.0,0.0,True,0,620.0,Experproc,ColorShapeExperiment,circle,red,COLOR,12,adolescent,2026-09-07,test,
projectseed-cs-production,ColorShape-Seed,9001,2026-09-07 21:10:00 (Central Daylight Time),Mozilla/5.0 (iPhone; CPU iPhone OS 18_6 like Mac OS X) AppleWebKit/605.1.15,1,00000000-0000-0000-0000-00000000000a,844,390,eng,4.0,8.0,2026-09-07 21:10:24 (Central Daylight Time),24000.0,SWITCH,shape-7,1.0,1.0,0.0,True,0,630.0,Experproc,ColorShapeExperiment,circle,red,SHAPE,12,adolescent,2026-09-07,test,
projectseed-cs-production,ColorShape-Seed,9001,2026-09-07 21:10:00 (Central Daylight Time),Mozilla/5.0 (iPhone; CPU iPhone OS 18_6 like Mac OS X) AppleWebKit/605.1.15,1,00000000-0000-0000-0000-00000000000a,844,390,eng,5.0,9.0,2026-09-07 21:10:27 (Central Daylight Time),27000.0,STAY,shape-8,1.0,1.0,0.0,True,0,600.0,Experproc,ColorShapeExperiment,circle,red,SHAPE,12,adolescent,2026-09-07,test,
projectseed-cs-production,ColorShape-Seed,9001,2026-09-07 21:10:00 (Central Daylight Time),Mozilla/5.0 (iPhone; CPU iPhone OS 18_6 like Mac OS X) AppleWebKit/605.1.15,1,00000000-0000-0000-0000-00000000000a,844,390,eng,6.0,10.0,2026-09-07 21:10:30 (Central Daylight Time),30000.0,SWITCH,color-9,1.0,1.0,0.0,True,0,610.0,Experproc,ColorShapeExperiment,circle,red,COLOR,12,adolescent,2026-09-07,test,
projectseed-cs-production,ColorShape-Seed,9001,2026-09-07 21:10:00 (Central Daylight Time),Mozilla/5.0 (iPhone; CPU iPhone OS 18_6 like Mac OS X) AppleWebKit/605.1.15,1,00000000-0000-0000-0000-00000000000a,844,390,eng,7.0,11.0,2026-09-07 21:10:33 (Central Daylight Time),33000.0,STAY,color-10,1.0,1.0,0.0,True,0,620.0,Experproc,ColorShapeExperiment,circle,red,COLOR,12,adolescent,2026-09-07,test,
projectseed-cs-production,ColorShape-Seed,9001,2026-09-07 21:10:00 (Central Daylight Time),Mozilla/5.0 (iPhone; CPU iPhone OS 18_6 like Mac OS X) AppleWebKit/605.1.15,1,00000000-0000-0000-0000-00000000000a,844,390,eng,8.0,12.0,2026-09-07 21:10:36 (Central Daylight Time),36000.0,STAY,color-11,1.0,1.0,0.0,True,0,630.0,Experproc,ColorShapeExperiment,circle,red,COLOR,12,adolescent,2026-09-07,test,
projectseed-cs-production,ColorShape-Seed,9001,2026-09-07 21:10:00 (Central Daylight Time),Mozilla/5.0 (iPhone; CPU iPhone OS 18_6 like Mac OS X) AppleWebKit/605.1.15,1,00000000-0000-0000-0000-00000000000a,844,390,eng,9.0,13.0,2026-09-07 21:10:39 (Central Daylight Time),39000.0,SWITCH,shape-12,1.0,1.0,0.0,True,0,600.0,Experproc,ColorShapeExperiment,circle,red,SHAPE,12,adolescent,2026-09-07,test,
projectseed-cs-production,ColorShape-Seed,9001,2026-09-07 21:10:00 (Central Daylight Time),Mozilla/5.0 (iPhone; CPU iPhone OS 18_6 like Mac OS X) AppleWebKit/605.1.15,1,00000000-0000-0000-0000-00000000000a,844,390,eng,10.0,14.0,2026-09-07 21:10:42 (Central Daylight Time),42000.0,STAY,shape-13,1.0,1.0,0.0,True,0,610.0,Experproc,ColorShapeExperiment,circle,red,SHAPE,12,adolescent,2026-09-07,test,
projectseed-cs-production,ColorShape-Seed,9001,2026-09-07 21:10:00 (Central Daylight Time),Mozilla/5.0 (iPhone; CPU iPhone OS 18_6 like Mac OS X) AppleWebKit/605.1.15,1,00000000-0000-0000-0000-00000000000a,844,390,eng,11.0,15.0,2026-09-07 21:10:45 (Central Daylight Time),45000.0,SWITCH,color-14,1.0,1.0,0.0,True,0,620.0,Experproc,ColorShapeExperiment,circle,red,COLOR,12,adolescent,2026-09-07,test,
projectseed-cs-production,ColorShape-Seed,9001,2026-09-07 21:10:00 (Central Daylight Time),Mozilla/5.0 (iPhone; CPU iPhone OS 18_6 like Mac OS X) AppleWebKit/605.1.15,1,00000000-0000-0000-0000-00000000000a,844,390,eng,12.0,16.0,2026-09-07 21:10:48 (Central Daylight Time),48000.0,STAY,color-15,1.0,1.0,0.0,True,0,630.0,Experproc,ColorShapeExperiment,circle,red,COLOR,12,adolescent,2026-09-07,test,
projectseed-cs-production,ColorShape-Seed,9001,2026-09-07 21:10:00 (Central Daylight Time),Mozilla/5.0 (iPhone; CPU iPhone OS 18_6 like Mac OS X) AppleWebKit/605.1.15,1,00000000-0000-0000-0000-00000000000a,844,390,eng,13.0,17.0,2026-09-07 21:10:51 (Central Daylight Time),51000.0,STAY,color-16,1.0,1.0,0.0,True,0,600.0,Experproc,ColorShapeExperiment,circle,red,COLOR,12,adolescent,2026-09-07,test,
projectseed-cs-production,ColorShape-Seed,9001,2026-09-07 21:10:00 (Central Daylight Time),Mozilla/5.0 (iPhone; CPU iPhone OS 18_6 like Mac OS X) AppleWebKit/605.1.15,1,00000000-0000-0000-0000-00000000000a,844,390,eng,14.0,18.0,2026-09-07 21:10:54 (Central Daylight Time),54000.0,SWITCH,shape-17,1.0,1.0,0.0,True,0,610.0,Experproc,ColorShapeExperiment,circle,red,SHAPE,12,adolescent,2026-09-07,test,
projectseed-cs-production,ColorShape-Seed,9001,2026-09-07 21:10:00 (Central Daylight Time),Mozilla/5.0 (iPhone; CPU iPhone OS 18_6 like Mac OS X) AppleWebKit/605.1.15,1,00000000-0000-0000-0000-00000000000a,844,390,eng,15.0,19.0,2026-09-07 21:10:57 (Central Daylight Time),57000.0,STAY,shape-18,1.0,1.0,0.0,True,0,620.0,Experproc,ColorShapeExperiment,circle,red,SHAPE,12,adolescent,2026-09-07,test,
projectseed-cs-production,ColorShape-Seed,9001,2026-09-07 21:10:00 (Central Daylight Time),Mozilla/5.0 (iPhone; CPU iPhone OS 18_6 like Mac OS X) AppleWebKit/605.1.15,1,00000000-0000-0000-0000-00000000000a,844,390,eng,16.0,20.0,2026-09-07 21:11:00 (Central Daylight Time),60000.0,SWITCH,color-19,1.0,1.0,0.0,True,0,630.0,Experproc,ColorShapeExperiment,circle,red,COLOR,12,adolescent,2026-09-07,test,
projectseed-cs-production,ColorShape-Seed,9001,2026-09-07 21:10:00 (Central Daylight Time),Mozilla/5.0 (iPhone; CPU iPhone OS 18_6 like Mac OS X) AppleWebKit/605.1.15,1,00000000-0000-0000-0000-00000000000a,844,390,eng,17.0,21.0,2026-09-07 21:11:03 (Central Daylight Time),63000.0,STAY,color-20,1.0,1.0,0.0,True,0,600.0,Experproc,ColorShapeExperiment,circle,red,COLOR,12,adolescent,2026-09-07,test,
projectseed-cs-production,ColorShape-Seed,9001,2026-09-07 21:10:00 (Central Daylight Time),Mozilla/5.0 (iPhone; CPU iPhone OS 18_6 like Mac OS X) AppleWebKit/605.1.15,1,00000000-0000-0000-0000-00000000000a,844,390,eng,18.0,22.0,2026-09-07 21:11:06 (Central Daylight Time),66000.0,STAY,color-21,1.0,1.0,0.0,True,0,610.0,Experproc,ColorShapeExperiment,circle,red,COLOR,12,adolescent,2026-09-07,test,
projectseed-cs-production,ColorShape-Seed,9001,2026-09-07 21:10:00 (Central Daylight Time),Mozilla/5.0 (iPhone; CPU iPhone OS 18_6 like Mac OS X) AppleWebKit/605.1.15,1,00000000-0000-0000-0000-00000000000a,844,390,eng,19.0,23.0,2026-09-07 21:11:09 (Central Daylight Time),69000.0,SWITCH,shape-22,1.0,1.0,0.0,True,0,620.0,Experproc,ColorShapeExperiment,circle,red,SHAPE,12,adolescent,2026-09-07,test,
projectseed-cs-production,ColorShape-Seed,9001,2026-09-07 21:10:00 (Central Daylight Time),Mozilla/5.0 (iPhone; CPU iPhone OS 18_6 like Mac OS X) AppleWebKit/605.1.15,1,00000000-0000-0000-0000-00000000000a,844,390,eng,20.0,24.0,2026-09-07 21:11:12 (Central Daylight Time),72000.0,STAY,shape-23,1.0,1.0,0.0,True,0,630.0,Experproc,ColorShapeExperiment,circle,red,SHAPE,12,adolescent,2026-09-07,test,
projectseed-cs-production,ColorShape-Seed,9001,2026-09-07 21:10:00 (Central Daylight Time),Mozilla/5.0 (iPhone; CPU iPhone OS 18_6 like Mac OS X) AppleWebKit/605.1.15,1,00000000-0000-0000-0000-00000000000a,844,390,eng,21.0,25.0,2026-09-07 21:11:15 (Central Daylight Time),75000.0,SWITCH,color-24,1.0,1.0,0.0,True,0,600.0,Experproc,ColorShapeExperiment,circle,red,COLOR,12,adolescent,2026-09-07,test,
projectseed-cs-production,ColorShape-Seed,9001,2026-09-07 21:10:00 (Central Daylight Time),Mozilla/5.0 (iPhone; CPU iPhone OS 18_6 like Mac OS X) AppleWebKit/605.1.15,1,00000000-0000-0000-0000-00000000000a,844,390,eng,22.0,26.0,2026-09-07 21:11:18 (Central Daylight Time),78000.0,STAY,color-25,1.0,1.0,0.0,True,0,610.0,Experproc,ColorShapeExperiment,circle,red,COLOR,12,adolescent,2026-09-07,test,
projectseed-cs-production,ColorShape-Seed,9001,2026-09-07 21:10:00 (Central Daylight Time),Mozilla/5.0 (iPhone; CPU iPhone OS 18_6 like Mac OS X) AppleWebKit/605.1.15,1,00000000-0000-0000-0000-00000000000a,844,390,eng,23.0,27.0,2026-09-07 21:11:21 (Central Daylight Time),81000.0,STAY,color-26,1.0,1.0,0.0,True,0,620.0,Experproc,ColorShapeExperiment,circle,red,COLOR,12,adolescent,2026-09-07,test,
projectseed-cs-production,ColorShape-Seed,9001,2026-09-07 21:10:00 (Central Daylight Time),Mozilla/5.0 (iPhone; CPU iPhone OS 18_6 like Mac OS X) AppleWebKit/605.1.15,1,00000000-0000-0000-0000-00000000000a,844,390,eng,24.0,28.0,2026-09-07 21:11:24 (Central Daylight Time),84000.0,SWITCH,shape-27,1.0,1.0,0.0,True,0,630.0,Experproc,ColorShapeExperiment,circle,red,SHAPE,12,adolescent,2026-09-07,test,
projectseed-cs-production,ColorShape-Seed,9001,2026-09-07 21:10:00 (Central Daylight Time),Mozilla/5.0 (iPhone; CPU iPhone OS 18_6 like Mac OS X) AppleWebKit/605.1.15,1,00000000-0000-0000-0000-00000000000a,844,390,eng,25.0,29.0,2026-09-07 21:11:27 (Central Daylight Time),87000.0,STAY,shape-28,1.0,1.0,0.0,True,0,600.0,Experproc,ColorShapeExperiment,circle,red,SHAPE,12,adolescent,2026-09-07,test,
projectseed-cs-production,ColorShape-Seed,9001,2026-09-07 21:10:00 (Central Daylight Time),Mozilla/5.0 (iPhone; CPU iPhone OS 18_6 like Mac OS X) AppleWebKit/605.1.15,1,00000000-0000-0000-0000-00000000000a,844,390,eng,26.0,30.0,2026-09-07 21:11:30 (Central Daylight Time),90000.0,SWITCH,color-29,1.0,1.0,0.0,True,0,610.0,Experproc,ColorShapeExperiment,circle,red,COLOR,12,adolescent,2026-09-07,test,
projectseed-cs-production,ColorShape-Seed,9001,2026-09-07 21:10:00 (Central Daylight Time),Mozilla/5.0 (iPhone; CPU iPhone OS 18_6 like Mac OS X) AppleWebKit/605.1.15,1,00000000-0000-0000-0000-00000000000a,844,390,eng,27.0,31.0,2026-09-07 21:11:33 (Central Daylight Time),93000.0,STAY,color-30,1.0,1.0,0.0,True,0,620.0,Experproc,ColorShapeExperiment,circle,red,COLOR,12,adolescent,2026-09-07,test,
projectseed-cs-production,ColorShape-Seed,9001,2026-09-07 21:10:00 (Central Daylight Time),Mozilla/5.0 (iPhone; CPU iPhone OS 18_6 like Mac OS X) AppleWebKit/605.1.15,1,00000000-0000-0000-0000-00000000000a,844,390,eng,28.0,32.0,2026-09-07 21:11:36 (Central Daylight Time),96000.0,STAY,color-31,1.0,1.0,0.0,True,0,630.0,Experproc,ColorShapeExperiment,circle,red,COLOR,12,adolescent,2026-09-07,test,
projectseed-cs-production,ColorShape-Seed,9001,2026-09-07 21:10:00 (Central Daylight Time),Mozilla/5.0 (iPhone; CPU iPhone OS 18_6 like Mac OS X) AppleWebKit/605.1.15,1,00000000-0000-0000-0000-00000000000a,844,390,eng,29.0,33.0,2026-09-07 21:11:39 (Central Daylight Time),99000.0,SWITCH,shape-32,1.0,1.0,0.0,True,0,600.0,Experproc,ColorShapeExperiment,circle,red,SHAPE,12,adolescent,2026-09-07,test,
projectseed-cs-production,ColorShape-Seed,9001,2026-09-07 21:10:00 (Central Daylight Time),Mozilla/5.0 (iPhone; CPU iPhone OS 18_6 like Mac OS X) AppleWebKit/605.1.15,1,00000000-0000-0000-0000-00000000000a,844,390,eng,30.0,34.0,2026-09-07 21:11:42 (Central Daylight Time),102000.0,STAY,shape-33,1.0,1.0,0.0,True,0,610.0,Experproc,ColorShapeExperiment,circle,red,SHAPE,12,adolescent,2026-09-07,test,
projectseed-cs-production,ColorShape-Seed,9001,2026-09-07 21:10:00 (Central Daylight Time),Mozilla/5.0 (iPhone; CPU iPhone OS 18_6 like Mac OS X) AppleWebKit/605.1.15,1,00000000-0000-0000-0000-00000000000a,844,390,eng,31.0,35.0,2026-09-07 21:11:45 (Central Daylight Time),105000.0,SWITCH,color-34,1.0,1.0,0.0,False,1,620.0,Experproc,ColorShapeExperiment,circle,red,COLOR,12,adolescent,2026-09-07,test,
projectseed-cs-production,ColorShape-Seed,9001,2026-09-07 21:10:00 (Central Daylight Time),Mozilla/5.0 (iPhone; CPU iPhone OS 18_6 like Mac OS X) AppleWebKit/605.1.15,1,00000000-0000-0000-0000-00000000000a,844,390,eng,32.0,36.0,2026-09-07 21:11:48 (Central Daylight Time),108000.0,STAY,color-35,1.0,1.0,0.0,False,1,630.0,Experproc,ColorShapeExperiment,circle,red,COLOR,12,adolescent,2026-09-07,test,
projectseed-cs-production,ColorShape-Seed,9001,2026-09-07 21:10:00 (Central Daylight Time),Mozilla/5.0 (iPhone; CPU iPhone OS 18_6 like Mac OS X) AppleWebKit/605.1.15,1,00000000-0000-0000-0000-00000000000a,844,390,eng,33.0,37.0,2026-09-07 21:11:51 (Central Daylight Time),111000.0,STAY,color-36,1.0,1.0,0.0,False,none,0.0,Experproc,ColorShapeExperiment,circle,red,COLOR,12,adolescent,2026-09-07,test,
