trial_type,trial_index,task_section,stimulus,trial_timestamp,time_elapsed,Running,List1_Cycle,List1_Sample,Deck_ACC,Deck_CRESP,Deck_RESP,Deck_RT,totalsum,var,loss_event,DeckA,DeckB,DeckC,DeckD,DeckAScreen,DeckBScreen,DeckCScreen,DeckDScreen,Deck_Screen_Position,cycle_start_date,role,day,last_commit,lang,expected_trial_count,experiment_name,subject_id,study_id,session_id,session_uuid,useragent,on_mobile,ExperimentName,ExperimentVersion,ExperimentPlatform,window_innerHeight,window_innerWidth,screen_availHeight,screen_availWidth,screen_width,screen_height
html-button-response,1,test,,2026-09-14 21:00:04 (Central Daylight Time),4000.0,List1,1.0,1.0,0.0,1234,A,900.0,2600.0,100.0,0.0,200.0,200.0,100.0,100.0,1.0,2.0,3.0,4.0,1.0,2026-09-07,adolescent,8,abc1234,eng,80,projectseed-iowa-production,9001,77897789,00000000-0000-0000-0000-00000000000b,00000000-0000-0000-0000-00000000000b,Mozilla/5.0 (iPhone; CPU iPhone OS 18_6 like Mac OS X) AppleWebKit/605.1.15,True,IGT-Seed,jspsych-0.4a-mobile,-mobile,750,390,844,390,390,844
html-button-response,2,test,,2026-09-14 21:00:08 (Central Daylight Time),8000.0,List1,1.0,2.0,0.0,1234,B,900.0,2700.0,100.0,0.0,200.0,200.0,100.0,100.0,1.0,2.0,3.0,4.0,2.0,2026-09-07,adolescent,8,abc1234,eng,80,projectseed-iowa-production,9001,77897789,00000000-0000-0000-0000-00000000000b,00000000-0000-0000-0000-00000000000b,Mozilla/5.0 (iPhone; CPU iPhone OS 18_6 like Mac OS X) AppleWebKit/605.1.15,True,IGT-Seed,jspsych-0.4a-mobile,-mobile,750,390,844,390,390,844
html-button-response,3,test,,2026-09-14 21:00:12 (Central Daylight Time),12000.0,List1,1.0,3.0,0.0,1234,C,900.0,2750.0,50.0,0.0,200.0,200.0,100.0,100.0,1.0,2.0,3.0,4.0,3.0,2026-09-07,adolescent,8,abc1234,eng,80,projectseed-iowa-production,9001,77897789,00000000-0000-0000-0000-00000000000b,00000000-0000-0000-0000-00000000000b,Mozilla/5.0 (iPhone; CPU iPhone OS 18_6 like Mac OS X) AppleWebKit/605.1.15,True,IGT-Seed,jspsych-0.4a-mobile,-mobile,750,390,844,390,390,844
html-button-response,4,test,,2026-09-14 21:00:16 (Central Daylight Time),16000.0,List1,1.0,4.0,0.0,1234,D,900.0,2800.0,50.0,0.0,200.0,200.0,100.0,100.0,1.0,2.0,3.0,4.0,4.0,2026-09-07,adolescent,8,abc1234,eng,80,projectseed-iowa-production,9001,77897789,00000000-0000-0000-0000-00000000000b,00000000-0000-0000-0000-00000000000b,Mozilla/5.0 (iPhone; CPU iPhone OS 18_6 like Mac OS X) AppleWebKit/605.1.15,True,IGT-Seed,jspsych-0.4a-mobile,-mobile,750,390,844,390,390,844
html-button-response,5,test,,2026-09-14 21:00:20 (Central Daylight Time),20000.0,List1,1.0,5.0,0.0,1234,A,900.0,2900.0,100.0,0.0,200.0,200.0,100.0,100.0,1.0,2.0,3.0,4.0,1.0,2026-09-07,adolescent,8,abc1234,eng,80,projectseed-iowa-production,9001,77897789,00000000-0000-0000-0000-00000000000b,00000000-0000-0000-0000-00000000000b,Mozilla/5.0 (iPhone; CPU iPhone OS 18_6 like Mac OS X) AppleWebKit/605.1.15,True,IGT-Seed,jspsych-0.4a-mobile,-mobile,750,390,844,390,390,844
html-button-response,6,test,,2026-09-14 21:00:24 (Central Daylight Time),24000.0,List1,1.0,6.0,0.0,1234,B,900.0,3000.0,100.0,0.0,200.0,200.0,100.0,100.0,1.0,2.0,3.0,4.0,2.0,2026-09-07,adolescent,8,abc1234,eng,80,projectseed-iowa-production,9001,77897789,00000000-0000-0000-0000-00000000000b,00000000-0000-0000-0000-00000000000b,Mozilla/5.0 (iPhone; CPU iPhone OS 18_6 like Mac OS X) AppleWebKit/605.1.15,True,IGT-Seed,jspsych-0.4a-mobile,-mobile,750,390,844,390,390,844
html-button-response,7,test,,2026-09-14 21:00:28 (Central Daylight Time),28000.0,List1,1.0,7.0,0.0,1234,C,900.0,3050.0,50.0,0.0,200.0,200.0,100.0,100.0,1.0,2.0,3.0,4.0,3.0,2026-09-07,adolescent,8,abc1234,eng,80,projectseed-iowa-production,9001,77897789,00000000-0000-0000-0000-00000000000b,00000000-0000-0000-0000-00000000000b,Mozilla/5.0 (iPhone; CPU iPhone OS 18_6 like Mac OS X) AppleWebKit/605.1.15,True,IGT-Seed,jspsych-0.4a-mobile,-mobile,750,390,844,390,390,844
html-button-response,8,test,,2026-09-14 21:00:32 (Central Daylight Time),32000.0,List1,1.0,8.0,0.0,1234,D,900.0,3100.0,50.0,0.0,200.0,200.0,100.0,100.0,1.0,2.0,3.0,4.0,4.0,2026-09-07,adolescent,8,abc1234,eng,80,projectseed-iowa-production,9001,77897789,00000000-0000-0000-0000-00000000000b,00000000-0000-0000-0000-00000000000b,Mozilla/5.0 (iPhone; CPU iPhone OS 18_6 like Mac OS X) AppleWebKit/605.1.15,True,IGT-Seed,jspsych-0.4a-mobile,-mobile,750,390,844,390,390,844
html-button-response,9,test,,2026-09-14 21:00:36 (Central Daylight Time),36000.0,List1,1.0,9.0,0.0,1234,A,900.0,3200.0,100.0,0.0,200.0,200.0,100.0,100.0,1.0,2.0,3.0,4.0,1.0,2026-09-07,adolescent,8,abc1234,eng,80,projectseed-iowa-production,9001,77897789,00000000-0000-0000-0000-00000000000b,00000000-0000-0000-0000-00000000000b,Mozilla/5.0 (iPhone; CPU iPhone OS 18_6 like Mac OS X) AppleWebKit/605.1.15,True,IGT-Seed,jspsych-0.4a-mobile,-mobile,750,390,844,390,390,844
html-button-response,10,test,,2026-09-14 21:00:40 (Central Daylight Time),40000.0,List1,1.0,10.0,0.0,1234,B,900.0,3300.0,100.0,0.0,200.0,200.0,100.0,100.0,1.0,2.0,3.0,4.0,2.0,2026-09-07,adolescent,8,abc1234,eng,80,projectseed-iowa-production,9001,77897789,00000000-0000-0000-0000-00000000000b,00000000-0000-0000-0000-00000000000b,Mozilla/5.0 (iPhone; CPU iPhone OS 18_6 like Mac OS X) AppleWebKit/605.1.15,True,IGT-Seed,jspsych-0.4a-mobile,-mobile,750,390,844,390,390,844
html-button-response,11,test,,2026-09-14 21:00:44 (Central Daylight Time),44000.0,List1,1.0,11.0,0.0,1234,C,900.0,3350.0,50.0,0.0,200.0,200.0,100.0,100.0,1.0,2.0,3.0,4.0,3.0,2026-09-07,adolescent,8,abc1234,eng,80,projectseed-iowa-production,9001,77897789,00000000-0000-0000-0000-00000000000b,00000000-0000-0000-0000-00000000000b,Mozilla/5.0 (iPhone; CPU iPhone OS 18_6 like Mac OS X) AppleWebKit/605.1.15,True,IGT-Seed,jspsych-0.4a-mobile,-mobile,750,390,844,390,390,844
html-button-response,12,test,,2026-09-14 21:00:48 (Central Daylight Time),48000.0,List1,1.0,12.0,0.0,1234,D,900.0,3400.0,50.0,0.0,200.0,200.0,100.0,100.0,1.0,2.0,3.0,4.0,4.0,2026-09-07,adolescent,8,abc1234,eng,80,projectseed-iowa-production,9001,77897789,00000000-0000-0000-0000-00000000000b,00000000-0000-0000-0000-00000000000b,Mozilla/5.0 (iPhone; CPU iPhone OS 18_6 like Mac OS X) AppleWebKit/605.1.15,True,IGT-Seed,jspsych-0.4a-mobile,-mobile,750,390,844,390,390,844
html-button-response,13,test,,2026-09-14 21:00:52 (Central Daylight Time),52000.0,List1,1.0,13.0,0.0,1234,A,900.0,3500.0,100.0,0.0,200.0,200.0,100.0,100.0,1.0,2.0,3.0,4.0,1.0,2026-09-07,adolescent,8,abc1234,eng,80,projectseed-iowa-production,9001,77897789,00000000-0000-0000-0000-00000000000b,00000000-0000-0000-0000-00000000000b,Mozilla/5.0 (iPhone; CPU iPhone OS 18_6 like Mac OS X) AppleWebKit/605.1.15,True,IGT-Seed,jspsych-0.4a-mobile,-mobile,750,390,844,390,390,844
html-button-response,14,test,,2026-09-14 21:00:56 (Central Daylight Time),56000.0,List1,1.0,14.0,0.0,1234,B,900.0,3600.0,100.0,0.0,200.0,200.0,100.0,100.0,1.0,2.0,3.0,4.0,2.0,2026-09-07,adolescent,8,abc1234,eng,80,projectseed-iowa-production,9001,77897789,00000000-0000-0000-0000-00000000000b,00000000-0000-0000-0000-00000000000b,Mozilla/5.0 (iPhone; CPU iPhone OS 18_6 like Mac OS X) AppleWebKit/605.1.15,True,IGT-Seed,jspsych-0.4a-mobile,-mobile,750,390,844,390,390,844
html-button-response,15,test,,2026-09-14 21:01:00 (Central Daylight Time),60000.0,List1,1.0,15.0,0.0,1234,C,900.0,3600.0,0.0,-50.0,200.0,200.0,100.0,100.0,1.0,2.0,3.0,4.0,3.0,2026-09-07,adolescent,8,abc1234,eng,80,projectseed-iowa-production,9001,77897789,00000000-0000-0000-0000-00000000000b,00000000-0000-0000-0000-00000000000b,Mozilla/5.0 (iPhone; CPU iPhone OS 18_6 like Mac OS X) AppleWebKit/605.1.15,True,IGT-Seed,jspsych-0.4a-mobile,-mobile,750,390,844,390,390,844
html-button-response,16,test,,2026-09-14 21:01:04 (Central Daylight Time),64000.0,List1,1.0,16.0,0.0,1234,D,900.0,3650.0,50.0,0.0,200.0,200.0,100.0,100.0,1.0,2.0,3.0,4.0,4.0,2026-09-07,adolescent,8,abc1234,eng,80,projectseed-iowa-production,9001,77897789,00000000-0000-0000-0000-00000000000b,00000000-0000-0000-0000-00000000000b,Mozilla/5.0 (iPhone; CPU iPhone OS 18_6 like Mac OS X) AppleWebKit/605.1.15,True,IGT-Seed,jspsych-0.4a-mobile,-mobile,750,390,844,390,390,844
html-button-response,17,test,,2026-09-14 21:01:08 (Central Daylight Time),68000.0,List1,1.0,17.0,0.0,1234,A,900.0,3750.0,100.0,0.0,200.0,200.0,100.0,100.0,1.0,2.0,3.0,4.0,1.0,2026-09-07,adolescent,8,abc1234,eng,80,projectseed-iowa-production,9001,77897789,00000000-0000-0000-0000-00000000000b,00000000-0000-0000-0000-00000000000b,Mozilla/5.0 (iPhone; CPU iPhone OS 18_6 like Mac OS X) AppleWebKit/605.1.15,True,IGT-Seed,jspsych-0.4a-mobile,-mobile,750,390,844,390,390,844
html-button-response,18,test,,2026-09-14 21:01:12 (Central Daylight Time),72000.0,List1,1.0,18.0,0.0,1234,B,900.0,3850.0,100.0,0.0,200.0,200.0,100.0,100.0,1.0,2.0,3.0,4.0,2.0,2026-09-07,adolescent,8,abc1234,eng,80,projectseed-iowa-production,9001,77897789,00000000-0000-0000-0000-00000000000b,00000000-0000-0000-0000-00000000000b,Mozilla/5.0 (iPhone; CPU iPhone OS 18_6 like Mac OS X) AppleWebKit/605.1.15,True,IGT-Seed,jspsych-0.4a-mobile,-mobile,750,390,844,390,390,844
html-button-response,19,test,,2026-09-14 21:01:16 (Central Daylight Time),76000.0,List1,1.0,19.0,0.0,1234,C,900.0,3900.0,50.0,0.0,200.0,200.0,100.0,100.0,1.0,2.0,3.0,4.0,3.0,2026-09-07,adolescent,8,abc1234,eng,80,projectseed-iowa-production,9001,77897789,00000000-0000-0000-0000-00000000000b,00000000-0000-0000-0000-00000000000b,Mozilla/5.0 (iPhone; CPU iPhone OS 18_6 like Mac OS X) AppleWebKit/605.1.15,True,IGT-Seed,jspsych-0.4a-mobile,-mobile,750,390,844,390,390,844
html-button-response,20,test,,2026-09-14 21:01:20 (Central Daylight Time),80000.0,List1,1.0,20.0,0.0,1234,D,900.0,3900.0,0.0,-50.0,200.0,200.0,100.0,100.0,1.0,2.0,3.0,4.0,4.0,2026-09-07,adolescent,8,abc1234,eng,80,projectseed-iowa-production,9001,77897789,00000000-0000-0000-0000-00000000000b,00000000-0000-0000-0000-00000000000b,Mozilla/5.0 (iPhone; CPU iPhone OS 18_6 like Mac OS X) AppleWebKit/605.1.15,True,IGT-Seed,jspsych-0.4a-mobile,-mobile,750,390,844,390,390,844
html-button-response,21,test,,2026-09-14 21:01:24 (Central Daylight Time),84000.0,List1,1.0,21.0,0.0,1234,A,900.0,4000.0,100.0,0.0,200.0,200.0,100.0,100.0,1.0,2.0,3.0,4.0,1.0,2026-09-07,adolescent,8,abc1234,eng,80,projectseed-iowa-production,9001,77897789,00000000-0000-0000-0000-00000000000b,00000000-0000-0000-0000-00000000000b,Mozilla/5.0 (iPhone; CPU iPhone OS 18_6 like Mac OS X) AppleWebKit/605.1.15,True,IGT-Seed,jspsych-0.4a-mobile,-mobile,750,390,844,390,390,844
html-button-response,22,test,,2026-09-14 21:01:28 (Central Daylight Time),88000.0,List1,1.0,22.0,0.0,1234,B,900.0,4100.0,100.0,0.0,200.0,200.0,100.0,100.0,1.0,2.0,3.0,4.0,2.0,2026-09-07,adolescent,8,abc1234,eng,80,projectseed-iowa-production,9001,77897789,00000000-0000-0000-0000-00000000000b,00000000-0000-0000-0000-00000000000b,Mozilla/5.0 (iPhone; CPU iPhone OS 18_6 like Mac OS X) AppleWebKit/605.1.15,True,IGT-Seed,jspsych-0.4a-mobile,-mobile,750,390,844,390,390,844
html-button-response,23,test,,2026-09-14 21:01:32 (Central Daylight Time),92000.0,List1,1.0,23.0,0.0,1234,C,900.0,4150.0,50.0,0.0,200.0,200.0,100.0,100.0,1.0,2.0,3.0,4.0,3.0,2026-09-07,adolescent,8,abc1234,eng,80,projectseed-iowa-production,9001,77897789,00000000-0000-0000-0000-00000000000b,00000000-0000-0000-0000-00000000000b,Mozilla/5.0 (iPhone; CPU iPhone OS 18_6 like Mac OS X) AppleWebKit/605.1.15,True,IGT-Seed,jspsych-0.4a-mobile,-mobile,750,390,844,390,390,844
html-button-response,24,test,,2026-09-14 21:01:36 (Central Daylight Time),96000.0,List1,1.0,24.0,0.0,1234,D,900.0,4200.0,50.0,0.0,200.0,200.0,100.0,100.0,1.0,2.0,3.0,4.0,4.0,2026-09-07,adolescent,8,abc1234,eng,80,projectseed-iowa-production,9001,77897789,00000000-0000-0000-0000-00000000000b,00000000-0000-0000-0000-00000000000b,Mozilla/5.0 (iPhone; CPU iPhone OS 18_6 like Mac OS X) AppleWebKit/605.1.15,True,IGT-Seed,jspsych-0.4a-mobile,-mobile,750,390,844,390,390,844
html-button-response,25,test,,2026-09-14 21:01:40 (Central Daylight Time),100000.0,List1,1.0,25.0,0.0,1234,A,900.0,4300.0,100.0,0.0,200.0,200.0,100.0,100.0,1.0,2.0,3.0,4.0,1.0,2026-09-07,adolescent,8,abc1234,eng,80,projectseed-iowa-production,9001,77897789,00000000-0000-0000-0000-00000000000b,00000000-0000-0000-0000-00000000000b,Mozilla/5.0 (iPhone; CPU iPhone OS 18_6 like Mac OS X) AppleWebKit/605.1.15,True,IGT-Seed,jspsych-0.4a-mobile,-mobile,750,390,844,390,390,844
html-button-response,26,test,,2026-09-14 21:01:44 (Central Daylight Time),104000.0,List1,1.0,26.0,0.0,1234,B,900.0,4400.0,100.0,0.0,200.0,200.0,100.0,100.0,1.0,2.0,3.0,4.0,2.0,2026-09-07,adolescent,8,abc1234,eng,80,projectseed-iowa-production,9001,77897789,00000000-0000-0000-0000-00000000000b,00000000-0000-0000-0000-00000000000b,Mozilla/5.0 (iPhone; CPU iPhone OS 18_6 like Mac OS X) AppleWebKit/605.1.15,True,IGT-Seed,jspsych-0.4a-mobile,-mobile,750,390,844,390,390,844
html-button-response,27,test,,2026-09-14 21:01:48 (Central Daylight Time),108000.0,List1,1.0,27.0,0.0,1234,C,900.0,4450.0,50.0,0.0,200.0,200.0,100.0,100.0,1.0,2.0,3.0,4.0,3.0,2026-09-07,adolescent,8,abc1234,eng,80,projectseed-iowa-production,9001,77897789,00000000-0000-0000-0000-00000000000b,00000000-0000-0000-0000-00000000000b,Mozilla/5.0 (iPhone; CPU iPhone OS 18_6 like Mac OS X) AppleWebKit/605.1.15,True,IGT-Seed,jspsych-0.4a-mobile,-mobile,750,390,844,390,390,844
html-button-response,28,test,,2026-09-14 21:01:52 (Central Daylight Time),112000.0,List1,1.0,28.0,0.0,1234,D,900.0,4500.0,50.0,0.0,200.0,200.0,100.0,100.0,1.0,2.0,3.0,4.0,4.0,2026-09-07,adolescent,8,abc1234,eng,80,projectseed-iowa-production,9001,77897789,00000000-0000-0000-0000-00000000000b,00000000-0000-0000-0000-00000000000b,Mozilla/5.0 (iPhone; CPU iPhone OS 18_6 like Mac OS X) AppleWebKit/605.1.15,True,IGT-Seed,jspsych-0.4a-mobile,-mobile,750,390,844,390,390,844
html-button-response,29,test,,2026-09-14 21:01:56 (Central Daylight Time),116000.0,List1,1.0,29.0,0.0,1234,A,900.0,4600.0,100.0,0.0,200.0,200.0,100.0,100.0,1.0,2.0,3.0,4.0,1.0,2026-09-07,adolescent,8,abc1234,eng,80,projectseed-iowa-production,9001,77897789,00000000-0000-0000-0000-00000000000b,00000000-0000-0000-0000-00000000000b,Mozilla/5.0 (iPhone; CPU iPhone OS 18_6 like Mac OS X) AppleWebKit/605.1.15,True,IGT-Seed,jspsych-0.4a-mobile,-mobile,750,390,844,390,390,844
html-button-response,30,test,,2026-09-14 21:02:00 (Central Daylight Time),120000.0,List1,1.0,30.0,0.0,1234,B,900.0,4700.0,100.0,0.0,200.0,200.0,100.0,100.0,1.0,2.0,3.0,4.0,2.0,2026-09-07,adolescent,8,abc1234,eng,80,projectseed-iowa-production,9001,77897789,00000000-0000-0000-0000-00000000000b,00000000-0000-0000-0000-00000000000b,Mozilla/5.0 (iPhone; CPU iPhone OS 18_6 like Mac OS X) AppleWebKit/605.1.15,True,IGT-Seed,jspsych-0.4a-mobile,-mobile,750,390,844,390,390,844
html-button-response,31,test,,2026-09-14 21:02:04 (Central Daylight Time),124000.0,List1,1.0,31.0,0.0,1234,C,900.0,4750.0,50.0,0.0,200.0,200.0,100.0,100.0,1.0,2.0,3.0,4.0,3.0,2026-09-07,adolescent,8,abc1234,eng,80,projectseed-iowa-production,9001,77897789,00000000-0000-0000-0000-00000000000b,00000000-0000-0000-0000-00000000000b,Mozilla/5.0 (iPhone; CPU iPhone OS 18_6 like Mac OS X) AppleWebKit/605.1.15,True,IGT-Seed,jspsych-0.4a-mobile,-mobile,750,390,844,390,390,844
html-button-response,32,test,,2026-09-14 21:02:08 (Central Daylight Time),128000.0,List1,1.0,32.0,0.0,1234,D,900.0,4800.0,50.0,0.0,200.0,200.0,100.0,100.0,1.0,2.0,3.0,4.0,4.0,2026-09-07,adolescent,8,abc1234,eng,80,projectseed-iowa-production,9001,77897789,00000000-0000-0000-0000-00000000000b,00000000-0000-0000-0000-00000000000b,Mozilla/5.0 (iPhone; CPU iPhone OS 18_6 like Mac OS X) AppleWebKit/605.1.15,True,IGT-Seed,jspsych-0.4a-mobile,-mobile,750,390,844,390,390,844
html-button-response,33,test,,2026-09-14 21:02:12 (Central Daylight Time),132000.0,List1,1.0,33.0,0.0,1234,A,900.0,4900.0,100.0,0.0,200.0,200.0,100.0,100.0,1.0,2.0,3.0,4.0,1.0,2026-09-07,adolescent,8,abc1234,eng,80,projectseed-iowa-production,9001,77897789,00000000-0000-0000-0000-00000000000b,00000000-0000-0000-0000-00000000000b,Mozilla/5.0 (iPhone; CPU iPhone OS 18_6 like Mac OS X) AppleWebKit/605.1.15,True,IGT-Seed,jspsych-0.4a-mobile,-mobile,750,390,844,390,390,844
html-button-response,34,test,,2026-09-14 21:02:16 (Central Daylight Time),136000.0,List1,1.0,34.0,0.0,1234,B,900.0,5000.0,100.0,0.0,200.0,200.0,100.0,100.0,1.0,2.0,3.0,4.0,2.0,2026-09-07,adolescent,8,abc1234,eng,80,projectseed-iowa-production,9001,77897789,00000000-0000-0000-0000-00000000000b,00000000-0000-0000-0000-00000000000b,Mozilla/5.0 (iPhone; CPU iPhone OS 18_6 like Mac OS X) AppleWebKit/605.1.15,True,IGT-Seed,jspsych-0.4a-mobile,-mobile,750,390,844,390,390,844
html-button-response,35,test,,2026-09-14 21:02:20 (Central Daylight Time),140000.0,List1,1.0,35.0,0.0,1234,C,900.0,5000.0,0.0,-50.0,200.0,200.0,100.0,100.0,1.0,2.0,3.0,4.0,3.0,2026-09-07,adolescent,8,abc1234,eng,80,projectseed-iowa-production,9001,77897789,00000000-0000-0000-0000-00000000000b,00000000-0000-0000-0000-00000000000b,Mozilla/5.0 (iPhone; CPU iPhone OS 18_6 like Mac OS X) AppleWebKit/605.1.15,True,IGT-Seed,jspsych-0.4a-mobile,-mobile,750,390,844,390,390,844
html-button-response,36,test,,2026-09-14 21:02:24 (Central Daylight Time),144000.0,List1,1.0,36.0,0.0,1234,D,900.0,5050.0,50.0,0.0,200.0,200.0,100.0,100.0,1.0,2.0,3.0,4.0,4.0,2026-09-07,adolescent,8,abc1234,eng,80,projectseed-iowa-production,9001,77897789,00000000-0000-0000-0000-00000000000b,00000000-0000-0000-0000-00000000000b,Mozilla/5.0 (iPhone; CPU iPhone OS 18_6 like Mac OS X) AppleWebKit/605.1.15,True,IGT-Seed,jspsych-0.4a-mobile,-mobile,750,390,844,390,390,844
html-button-response,37,test,,2026-09-14 21:02:28 (Central Daylight Time),148000.0,List1,1.0,37.0,0.0,1234,A,900.0,5150.0,100.0,0.0,200.0,200.0,100.0,100.0,1.0,2.0,3.0,4.0,1.0,2026-09-07,adolescent,8,abc1234,eng,80,projectseed-iowa-production,9001,77897789,00000000-0000-0000-0000-00000000000b,00000000-0000-0000-0000-00000000000b,Mozilla/5.0 (iPhone; CPU iPhone OS 18_6 like Mac OS X) AppleWebKit/605.1.15,True,IGT-Seed,jspsych-0.4a-mobile,-mobile,750,390,844,390,390,844
html-button-response,38,test,,2026-09-14 21:02:32 (Central Daylight Time),152000.0,List1,1.0,38.0,0.0,1234,B,900.0,5250.0,100.0,0.0,200.0,200.0,100.0,100.0,1.0,2.0,3.0,4.0,2.0,2026-09-07,adolescent,8,abc1234,eng,80,projectseed-iowa-production,9001,77897789,00000000-0000-0000-0000-00000000000b,00000000-0000-0000-0000-00000000000b,Mozilla/5.0 (iPhone; CPU iPhone OS 18_6 like Mac OS X) AppleWebKit/605.1.15,True,IGT-Seed,jspsych-0.4a-mobile,-mobile,750,390,844,390,390,844
html-button-response,39,test,,2026-09-14 21:02:36 (Central Daylight Time),156000.0,List1,1.0,39.0,0.0,1234,C,900.0,5300.0,50.0,0.0,200.0,200.0,100.0,100.0,1.0,2.0,3.0,4.0,3.0,2026-09-07,adolescent,8,abc1234,eng,80,projectseed-iowa-production,9001,77897789,00000000-0000-0000-0000-00000000000b,00000000-0000-0000-0000-00000000000b,Mozilla/5.0 (iPhone; CPU iPhone OS 18_6 like Mac OS X) AppleWebKit/605.1.15,True,IGT-Seed,jspsych-0.4a-mobile,-mobile,750,390,844,390,390,844
html-button-response,40,test,,2026-09-14 21:02:40 (Central Daylight Time),160000.0,List1,1.0,40.0,0.0,1234,D,900.0,5300.0,0.0,-50.0,200.0,200.0,100.0,100.0,1.0,2.0,3.0,4.0,4.0,2026-09-07,adolescent,8,abc1234,eng,80,projectseed-iowa-production,9001,77897789,00000000-0000-0000-0000-00000000000b,00000000-0000-0000-0000-00000000000b,Mozilla/5.0 (iPhone; CPU iPhone OS 18_6 like Mac OS X) AppleWebKit/605.1.15,True,IGT-Seed,jspsych-0.4a-mobile,-mobile,750,390,844,390,390,844
html-button-response,41,test,,2026-09-14 21:02:44 (Central Daylight Time),164000.0,List1,1.0,41.0,0.0,1234,A,900.0,5400.0,100.0,0.0,200.0,200.0,100.0,100.0,1.0,2.0,3.0,4.0,1.0,2026-09-07,adolescent,8,abc1234,eng,80,projectseed-iowa-production,9001,77897789,00000000-0000-0000-0000-00000000000b,00000000-0000-0000-0000-00000000000b,Mozilla/5.0 (iPhone; CPU iPhone OS 18_6 like Mac OS X) AppleWebKit/605.1.15,True,IGT-Seed,jspsych-0.4a-mobile,-mobile,750,390,844,390,390,844
html-button-response,42,test,,2026-09-14 21:02:48 (Central Daylight Time),168000.0,List1,1.0,42.0,0.0,1234,B,900.0,5500.0,100.0,0.0,200.0,200.0,100.0,100.0,1.0,2.0,3.0,4.0,2.0,2026-09-07,adolescent,8,abc1234,eng,80,projectseed-iowa-production,9001,77897789,00000000-0000-0000-0000-00000000000b,00000000-0000-0000-0000-00000000000b,Mozilla/5.0 (iPhone; CPU iPhone OS 18_6 like Mac OS X) AppleWebKit/605.1.15,True,IGT-Seed,jspsych-0.4a-mobile,-mobile,750,390,844,390,390,844
html-button-response,43,test,,2026-09-14 21:02:52 (Central Daylight Time),172000.0,List1,1.0,43.0,0.0,1234,C,900.0,5550.0,50.0,0.0,200.0,200.0,100.0,100.0,1.0,2.0,3.0,4.0,3.0,2026-09-07,adolescent,8,abc1234,eng,80,projectseed-iowa-production,9001,77897789,00000000-0000-0000-0000-00000000000b,00000000-0000-0000-0000-00000000000b,Mozilla/5.0 (iPhone; CPU iPhone OS 18_6 like Mac OS X) AppleWebKit/605.1.15,True,IGT-Seed,jspsych-0.4a-mobile,-mobile,750,390,844,390,390,844
html-button-response,44,test,,2026-09-14 21:02:56 (Central Daylight Time),176000.0,List1,1.0,44.0,0.0,1234,D,900.0,5600.0,50.0,0.0,200.0,200.0,100.0,100.0,1.0,2.0,3.0,4.0,4.0,2026-09-07,adolescent,8,abc1234,eng,80,projectseed-iowa-production,9001,77897789,00000000-0000-0000-0000-00000000000b,00000000-0000-0000-0000-00000000000b,Mozilla/5.0 (iPhone; CPU iPhone OS 18_6 like Mac OS X) AppleWebKit/605.1.15,True,IGT-Seed,jspsych-0.4a-mobile,-mobile,750,390,844,390,390,844
html-button-response,45,test,,2026-09-14 21:03:00 (Central Daylight Time),180000.0,List1,1.0,45.0,0.0,1234,A,900.0,5700.0,100.0,0.0,200.0,200.0,100.0,100.0,1.0,2.0,3.0,4.0,1.0,2026-09-07,adolescent,8,abc1234,eng,80,projectseed-iowa-production,9001,77897789,00000000-0000-0000-0000-00000000000b,00000000-0000-0000-0000-00000000000b,Mozilla/5.0 (iPhone; CPU iPhone OS 18_6 like Mac OS X) AppleWebKit/605.1.15,True,IGT-Seed,jspsych-0.4a-mobile,-mobile,750,390,844,390,390,844
html-button-response,46,test,,2026-09-14 21:03:04 (Central Daylight Time),184000.0,List1,1.0,46.0,0.0,1234,B,900.0,5800.0,100.0,0.0,200.0,200.0,100.0,100.0,1.0,2.0,3.0,4.0,2.0,2026-09-07,adolescent,8,abc1234,eng,80,projectseed-iowa-production,9001,77897789,00000000-0000-0000-0000-00000000000b,00000000-0000-0000-0000-00000000000b,Mozilla/5.0 (iPhone; CPU iPhone OS 18_6 like Mac OS X) AppleWebKit/605.1.15,True,IGT-Seed,jspsych-0.4a-mobile,-mobile,750,390,844,390,390,844
html-button-response,47,test,,2026-09-14 21:03:08 (Central Daylight Time),188000.0,List1,1.0,47.0,0.0,1234,C,900.0,5850.0,50.0,0.0,200.0,200.0,100.0,100.0,1.0,2.0,3.0,4.0,3.0,2026-09-07,adolescent,8,abc1234,eng,80,projectseed-iowa-production,9001,77897789,00000000-0000-0000-0000-00000000000b,00000000-0000-0000-0000-00000000000b,Mozilla/5.0 (iPhone; CPU iPhone OS 18_6 like Mac OS X) AppleWebKit/605.1.15,True,IGT-Seed,jspsych-0.4a-mobile,-mobile,750,390,844,390,390,844
html-button-response,48,test,,2026-09-14 21:03:12 (Central Daylight Time),192000.0,List1,1.0,48.0,0.0,1234,D,900.0,5900.0,50.0,0.0,200.0,200.0,100.0,100.0,1.0,2.0,3.0,4.0,4.0,2026-09-07,adolescent,8,abc1234,eng,80,projectseed-iowa-production,9001,77897789,00000000-0000-0000-0000-00000000000b,00000000-0000-0000-0000-00000000000b,Mozilla/5.0 (iPhone; CPU iPhone OS 18_6 like Mac OS X) AppleWebKit/605.1.15,True,IGT-Seed,jspsych-0.4a-mobile,-mobile,750,390,844,390,390,844
html-button-response,49,test,,2026-09-14 21:03:16 (Central Daylight Time),196000.0,List1,1.0,49.0,0.0,1234,A,900.0,6000.0,100.0,0.0,200.0,200.0,100.0,100.0,1.0,2.0,3.0,4.0,1.0,2026-09-07,adolescent,8,abc1234,eng,80,projectseed-iowa-production,9001,77897789,00000000-0000-0000-0000-00000000000b,00000000-0000-0000-0000-00000000000b,Mozilla/5.0 (iPhone; CPU iPhone OS 18_6 like Mac OS X) AppleWebKit/605.1.15,True,IGT-Seed,jspsych-0.4a-mobile,-mobile,750,390,844,390,390,844
html-button-response,50,test,,2026-09-14 21:03:20 (Central Daylight Time),200000.0,List1,1.0,50.0,0.0,1234,B,900.0,6100.0,100.0,0.0,200.0,200.0,100.0,100.0,1.0,2.0,3.0,4.0,2.0,2026-09-07,adolescent,8,abc1234,eng,80,projectseed-iowa-production,9001,77897789,00000000-0000-0000-0000-00000000000b,00000000-0000-0000-0000-00000000000b,Mozilla/5.0 (iPhone; CPU iPhone OS 18_6 like Mac OS X) AppleWebKit/605.1.15,True,IGT-Seed,jspsych-0.4a-mobile,-mobile,750,390,844,390,390,844
html-button-response,51,test,,2026-09-14 21:03:24 (Central Daylight Time),204000.0,List1,1.0,51.0,0.0,1234,C,900.0,6150.0,50.0,0.0,200.0,200.0,100.0,100.0,1.0,2.0,3.0,4.0,3.0,2026-09-07,adolescent,8,abc1234,eng,80,projectseed-iowa-production,9001,77897789,00000000-0000-0000-0000-00000000000b,00000000-0000-0000-0000-00000000000b,Mozilla/5.0 (iPhone; CPU iPhone OS 18_6 like Mac OS X) AppleWebKit/605.1.15,True,IGT-Seed,jspsych-0.4a-mobile,-mobile,750,390,844,390,390,844
html-button-response,52,test,,2026-09-14 21:03:28 (Central Daylight Time),208000.0,List1,1.0,52.0,0.0,1234,D,900.0,6200.0,50.0,0.0,200.0,200.0,100.0,100.0,1.0,2.0,3.0,4.0,4.0,2026-09-07,adolescent,8,abc1234,eng,80,projectseed-iowa-production,9001,77897789,00000000-0000-0000-0000-00000000000b,00000000-0000-0000-0000-00000000000b,Mozilla/5.0 (iPhone; CPU iPhone OS 18_6 like Mac OS X) AppleWebKit/605.1.15,True,IGT-Seed,jspsych-0.4a-mobile,-mobile,750,390,844,390,390,844
html-button-response,53,test,,2026-09-14 21:03:32 (Central Daylight Time),212000.0,List1,1.0,53.0,0.0,1234,A,900.0,6300.0,100.0,0.0,200.0,200.0,100.0,100.0,1.0,2.0,3.0,4.0,1.0,2026-09-07,adolescent,8,abc1234,eng,80,projectseed-iowa-production,9001,77897789,00000000-0000-0000-0000-00000000000b,00000000-0000-0000-0000-00000000000b,Mozilla/5.0 (iPhone; CPU iPhone OS 18_6 like Mac OS X) AppleWebKit/605.1.15,True,IGT-Seed,jspsych-0.4a-mobile,-mobile,750,390,844,390,390,844
html-button-response,54,test,,2026-09-14 21:03:36 (Central Daylight Time),216000.0,List1,1.0,54.0,0.0,1234,B,900.0,6400.0,100.0,0.0,200.0,200.0,100.0,100.0,1.0,2.0,3.0,4.0,2.0,2026-09-07,adolescent,8,abc1234,eng,80,projectseed-iowa-production,9001,77897789,00000000-0000-0000-0000-00000000000b,00000000-0000-0000-0000-00000000000b,Mozilla/5.0 (iPhone; CPU iPhone OS 18_6 like Mac OS X) AppleWebKit/605.1.15,True,IGT-Seed,jspsych-0.4a-mobile,-mobile,750,390,844,390,390,844
html-button-response,55,test,,2026-09-14 21:03:40 (Central Daylight Time),220000.0,List1,1.0,55.0,0.0,1234,C,900.0,6400.0,0.0,-50.0,200.0,200.0,100.0,100.0,1.0,2.0,3.0,4.0,3.0,2026-09-07,adolescent,8,abc1234,eng,80,projectseed-iowa-production,9001,77897789,00000000-0000-0000-0000-00000000000b,00000000-0000-0000-0000-00000000000b,Mozilla/5.0 (iPhone; CPU iPhone OS 18_6 like Mac OS X) AppleWebKit/605.1.15,True,IGT-Seed,jspsych-0.4a-mobile,-mobile,750,390,844,390,390,844
html-button-response,56,test,,2026-09-14 21:03:44 (Central Daylight Time),224000.0,List1,1.0,56.0,0.0,1234,D,900.0,6450.0,50.0,0.0,200.0,200.0,100.0,100.0,1.0,2.0,3.0,4.0,4.0,2026-09-07,adolescent,8,abc1234,eng,80,projectseed-iowa-production,9001,77897789,00000000-0000-0000-0000-00000000000b,00000000-0000-0000-0000-00000000000b,Mozilla/5.0 (iPhone; CPU iPhone OS 18_6 like Mac OS X) AppleWebKit/605.1.15,True,IGT-Seed,jspsych-0.4a-mobile,-mobile,750,390,844,390,390,844
html-button-response,57,test,,2026-09-14 21:03:48 (Central Daylight Time),228000.0,List1,1.0,57.0,0.0,1234,A,900.0,6550.0,100.0,0.0,200.0,200.0,100.0,100.0,1.0,2.0,3.0,4.0,1.0,2026-09-07,adolescent,8,abc1234,eng,80,projectseed-iowa-production,9001,77897789,00000000-0000-0000-0000-00000000000b,00000000-0000-0000-0000-00000000000b,Mozilla/5.0 (iPhone; CPU iPhone OS 18_6 like Mac OS X) AppleWebKit/605.1.15,True,IGT-Seed,jspsych-0.4a-mobile,-mobile,750,390,844,390,390,844
html-button-response,58,test,,2026-09-14 21:03:52 (Central Daylight Time),232000.0,List1,1.0,58.0,0.0,1234,B,900.0,6650.0,100.0,0.0,200.0,200.0,100.0,100.0,1.0,2.0,3.0,4.0,2.0,2026-09-07,adolescent,8,abc1234,eng,80,projectseed-iowa-production,9001,77897789,00000000-0000-0000-0000-00000000000b,00000000-0000-0000-0000-00000000000b,Mozilla/5.0 (iPhone; CPU iPhone OS 18_6 like Mac OS X) AppleWebKit/605.1.15,True,IGT-Seed,jspsych-0.4a-mobile,-mobile,750,390,844,390,390,844
html-button-response,59,test,,2026-09-14 21:03:56 (Central Daylight Time),236000.0,List1,1.0,59.0,0.0,1234,C,900.0,6700.0,50.0,0.0,200.0,200.0,100.0,100.0,1.0,2.0,3.0,4.0,3.0,2026-09-07,adolescent,8,abc1234,eng,80,projectseed-iowa-production,9001,77897789,00000000-0000-0000-0000-00000000000b,00000000-0000-0000-0000-00000000000b,Mozilla/5.0 (iPhone; CPU iPhone OS 18_6 like Mac OS X) AppleWebKit/605.1.15,True,IGT-Seed,jspsych-0.4a-mobile,-mobile,750,390,844,390,390,844
html-button-response,60,test,,2026-09-14 21:04:00 (Central Daylight Time),240000.0,List1,1.0,60.0,0.0,1234,D,900.0,6700.0,0.0,-50.0,200.0,200.0,100.0,100.0,1.0,2.0,3.0,4.0,4.0,2026-09-07,adolescent,8,abc1234,eng,80,projectseed-iowa-production,9001,77897789,00000000-0000-0000-0000-00000000000b,00000000-0000-0000-0000-00000000000b,Mozilla/5.0 (iPhone; CPU iPhone OS 18_6 like Mac OS X) AppleWebKit/605.1.15,True,IGT-Seed,jspsych-0.4a-mobile,-mobile,750,390,844,390,390,844
html-button-response,61,test,,2026-09-14 21:04:04 (Central Daylight Time),244000.0,List1,1.0,61.0,0.0,1234,A,900.0,6800.0,100.0,0.0,200.0,200.0,100.0,100.0,1.0,2.0,3.0,4.0,1.0,2026-09-07,adolescent,8,abc1234,eng,80,projectseed-iowa-production,9001,77897789,00000000-0000-0000-0000-00000000000b,00000000-0000-0000-0000-00000000000b,Mozilla/5.0 (iPhone; CPU iPhone OS 18_6 like Mac OS X) AppleWebKit/605.1.15,True,IGT-Seed,jspsych-0.4a-mobile,-mobile,750,390,844,390,390,844
html-button-response,62,test,,2026-09-14 21:04:08 (Central Daylight Time),248000.0,List1,1.0,62.0,0.0,1234,B,900.0,6900.0,100.0,0.0,200.0,200.0,100.0,100.0,1.0,2.0,3.0,4.0,2.0,2026-09-07,adolescent,8,abc1234,eng,80,projectseed-iowa-production,9001,77897789,00000000-0000-0000-0000-00000000000b,00000000-0000-0000-0000-00000000000b,Mozilla/5.0 (iPhone; CPU iPhone OS 18_6 like Mac OS X) AppleWebKit/605.1.15,True,IGT-Seed,jspsych-0.4a-mobile,-mobile,750,390,844,390,390,844
html-button-response,63,test,,2026-09-14 21:04:12 (Central Daylight Time),252000.0,List1,1.0,63.0,0.0,1234,C,900.0,6950.0,50.0,0.0,200.0,200.0,100.0,100.0,1.0,2.0,3.0,4.0,3.0,2026-09-07,adolescent,8,abc1234,eng,80,projectseed-iowa-production,9001,77897789,00000000-0000-0000-0000-00000000000b,00000000-0000-0000-0000-00000000000b,Mozilla/5.0 (iPhone; CPU iPhone OS 18_6 like Mac OS X) AppleWebKit/605.1.15,True,IGT-Seed,jspsych-0.4a-mobile,-mobile,750,390,844,390,390,844
html-button-response,64,test,,2026-09-14 21:04:16 (Central Daylight Time),256000.0,List1,1.0,64.0,0.0,1234,D,900.0,7000.0,50.0,0.0,200.0,200.0,100.0,100.0,1.0,2.0,3.0,4.0,4.0,2026-09-07,adolescent,8,abc1234,eng,80,projectseed-iowa-production,9001,77897789,00000000-0000-0000-0000-00000000000b,00000000-0000-0000-0000-00000000000b,Mozilla/5.0 (iPhone; CPU iPhone OS 18_6 like Mac OS X) AppleWebKit/605.1.15,True,IGT-Seed,jspsych-0.4a-mobile,-mobile,750,390,844,390,390,844
html-button-response,65,test,,2026-09-14 21:04:20 (Central Daylight Time),260000.0,List1,1.0,65.0,0.0,1234,A,900.0,7100.0,100.0,0.0,200.0,200.0,100.0,100.0,1.0,2.0,3.0,4.0,1.0,2026-09-07,adolescent,8,abc1234,eng,80,projectseed-iowa-production,9001,77897789,00000000-0000-0000-0000-00000000000b,00000000-0000-0000-0000-00000000000b,Mozilla/5.0 (iPhone; CPU iPhone OS 18_6 like Mac OS X) AppleWebKit/605.1.15,True,IGT-Seed,jspsych-0.4a-mobile,-mobile,750,390,844,390,390,844
html-button-response,66,test,,2026-09-14 21:04:24 (Central Daylight Time),264000.0,List1,1.0,66.0,0.0,1234,B,900.0,7200.0,100.0,0.0,200.0,200.0,100.0,100.0,1.0,2.0,3.0,4.0,2.0,2026-09-07,adolescent,8,abc1234,eng,80,projectseed-iowa-production,9001,77897789,00000000-0000-0000-0000-00000000000b,00000000-0000-0000-0000-00000000000b,Mozilla/5.0 (iPhone; CPU iPhone OS 18_6 like Mac OS X) AppleWebKit/605.1.15,True,IGT-Seed,jspsych-0.4a-mobile,-mobile,750,390,844,390,390,844
html-button-response,67,test,,2026-09-14 21:04:28 (Central Daylight Time),268000.0,List1,1.0,67.0,0.0,1234,C,900.0,7250.0,50.0,0.0,200.0,200.0,100.0,100.0,1.0,2.0,3.0,4.0,3.0,2026-09-07,adolescent,8,abc1234,eng,80,projectseed-iowa-production,9001,77897789,00000000-0000-0000-0000-00000000000b,00000000-0000-0000-0000-00000000000b,Mozilla/5.0 (iPhone; CPU iPhone OS 18_6 like Mac OS X) AppleWebKit/605.1.15,True,IGT-Seed,jspsych-0.4a-mobile,-mobile,750,390,844,390,390,844
html-button-response,68,test,,2026-09-14 21:04:32 (Central Daylight Time),272000.0,List1,1.0,68.0,0.0,1234,D,900.0,7300.0,50.0,0.0,200.0,200.0,100.0,100.0,1.0,2.0,3.0,4.0,4.0,2026-09-07,adolescent,8,abc1234,eng,80,projectseed-iowa-production,9001,77897789,00000000-0000-0000-0000-00000000000b,00000000-0000-0000-0000-00000000000b,Mozilla/5.0 (iPhone; CPU iPhone OS 18_6 like Mac OS X) AppleWebKit/605.1.15,True,IGT-Seed,jspsych-0.4a-mobile,-mobile,750,390,844,390,390,844
html-button-response,69,test,,2026-09-14 21:04:36 (Central Daylight Time),276000.0,List1,1.0,69.0,0.0,1234,A,900.0,7400.0,100.0,0.0,200.0,200.0,100.0,100.0,1.0,2.0,3.0,4.0,1.0,2026-09-07,adolescent,8,abc1234,eng,80,projectseed-iowa-production,9001,77897789,00000000-0000-0000-0000-00000000000b,00000000-0000-0000-0000-00000000000b,Mozilla/5.0 (iPhone; CPU iPhone OS 18_6 like Mac OS X) AppleWebKit/605.1.15,True,IGT-Seed,jspsych-0.4a-mobile,-mobile,750,390,844,390,390,844
html-button-response,70,test,,2026-09-14 21:04:40 (Central Daylight Time),280000.0,List1,1.0,70.0,0.0,1234,B,900.0,7500.0,100.0,0.0,200.0,200.0,100.0,100.0,1.0,2.0,3.0,4.0,2.0,2026-09-07,adolescent,8,abc1234,eng,80,projectseed-iowa-production,9001,77897789,00000000-0000-0000-0000-00000000000b,00000000-0000-0000-0000-00000000000b,Mozilla/5.0 (iPhone; CPU iPhone OS 18_6 like Mac OS X) AppleWebKit/605.1.15,True,IGT-Seed,jspsych-0.4a-mobile,-mobile,750,390,844,390,390,844
html-button-response,71,test,,2026-09-14 21:04:44 (Central Daylight Time),284000.0,List1,1.0,71.0,0.0,1234,C,900.0,7550.0,50.0,0.0,200.0,200.0,100.0,100.0,1.0,2.0,3.0,4.0,3.0,2026-09-07,adolescent,8,abc1234,eng,80,projectseed-iowa-production,9001,77897789,00000000-0000-0000-0000-00000000000b,00000000-0000-0000-0000-00000000000b,Mozilla/5.0 (iPhone; CPU iPhone OS 18_6 like Mac OS X) AppleWebKit/605.1.15,True,IGT-Seed,jspsych-0.4a-mobile,-mobile,750,390,844,390,390,844
html-button-response,72,test,,2026-09-14 21:04:48 (Central Daylight Time),288000.0,List1,1.0,72.0,0.0,1234,D,900.0,7600.0,50.0,0.0,200.0,200.0,100.0,100.0,1.0,2.0,3.0,4.0,4.0,2026-09-07,adolescent,8,abc1234,eng,80,projectseed-iowa-production,9001,77897789,00000000-0000-0000-0000-00000000000b,00000000-0000-0000-0000-00000000000b,Mozilla/5.0 (iPhone; CPU iPhone OS 18_6 like Mac OS X) AppleWebKit/605.1.15,True,IGT-Seed,jspsych-0.4a-mobile,-mobile,750,390,844,390,390,844
html-button-response,73,test,,2026-09-14 21:04:52 (Central Daylight Time),292000.0,List1,1.0,73.0,0.0,1234,A,900.0,7700.0,100.0,0.0,200.0,200.0,100.0,100.0,1.0,2.0,3.0,4.0,1.0,2026-09-07,adolescent,8,abc1234,eng,80,projectseed-iowa-production,9001,77897789,00000000-0000-0000-0000-00000000000b,00000000-0000-0000-0000-00000000000b,Mozilla/5.0 (iPhone; CPU iPhone OS 18_6 like Mac OS X) AppleWebKit/605.1.15,True,IGT-Seed,jspsych-0.4a-mobile,-mobile,750,390,844,390,390,844
html-button-response,74,test,,2026-09-14 21:04:56 (Central Daylight Time),296000.0,List1,1.0,74.0,0.0,1234,B,900.0,7800.0,100.0,0.0,200.0,200.0,100.0,100.0,1.0,2.0,3.0,4.0,2.0,2026-09-07,adolescent,8,abc1234,eng,80,projectseed-iowa-production,9001,77897789,00000000-0000-0000-0000-00000000000b,00000000-0000-0000-0000-00000000000b,Mozilla/5.0 (iPhone; CPU iPhone OS 18_6 like Mac OS X) AppleWebKit/605.1.15,True,IGT-Seed,jspsych-0.4a-mobile,-mobile,750,390,844,390,390,844
html-button-response,75,test,,2026-09-14 21:05:00 (Central Daylight Time),300000.0,List1,1.0,75.0,0.0,1234,C,900.0,7800.0,0.0,-50.0,200.0,200.0,100.0,100.0,1.0,2.0,3.0,4.0,3.0,2026-09-07,adolescent,8,abc1234,eng,80,projectseed-iowa-production,9001,77897789,00000000-0000-0000-0000-00000000000b,00000000-0000-0000-0000-00000000000b,Mozilla/5.0 (iPhone; CPU iPhone OS 18_6 like Mac OS X) AppleWebKit/605.1.15,True,IGT-Seed,jspsych-0.4a-mobile,-mobile,750,390,844,390,390,844
html-button-response,76,test,,2026-09-14 21:05:04 (Central Daylight Time),304000.0,List1,1.0,76.0,0.0,1234,D,900.0,7850.0,50.0,0.0,200.0,200.0,100.0,100.0,1.0,2.0,3.0,4.0,4.0,2026-09-07,adolescent,8,abc1234,eng,80,projectseed-iowa-production,9001,77897789,00000000-0000-0000-0000-00000000000b,00000000-0000-0000-0000-00000000000b,Mozilla/5.0 (iPhone; CPU iPhone OS 18_6 like Mac OS X) AppleWebKit/605.1.15,True,IGT-Seed,jspsych-0.4a-mobile,-mobile,750,390,844,390,390,844
html-button-response,77,test,,2026-09-14 21:05:08 (Central Daylight Time),308000.0,List1,1.0,77.0,0.0,1234,A,900.0,7950.0,100.0,0.0,200.0,200.0,100.0,100.0,1.0,2.0,3.0,4.0,1.0,2026-09-07,adolescent,8,abc1234,eng,80,projectseed-iowa-production,9001,77897789,00000000-0000-0000-0000-00000000000b,00000000-0000-0000-0000-00000000000b,Mozilla/5.0 (iPhone; CPU iPhone OS 18_6 like Mac OS X) AppleWebKit/605.1.15,True,IGT-Seed,jspsych-0.4a-mobile,-mobile,750,390,844,390,390,844
html-button-response,78,test,,2026-09-14 21:05:12 (Central Daylight Time),312000.0,List1,1.0,78.0,0.0,1234,B,900.0,8050.0,100.0,0.0,200.0,200.0,100.0,100.0,1.0,2.0,3.0,4.0,2.0,2026-09-07,adolescent,8,abc1234,eng,80,projectseed-iowa-production,9001,77897789,00000000-0000-0000-0000-00000000000b,00000000-0000-0000-0000-00000000000b,Mozilla/5.0 (iPhone; CPU iPhone OS 18_6 like Mac OS X) AppleWebKit/605.1.15,True,IGT-Seed,jspsych-0.4a-mobile,-mobile,750,390,844,390,390,844
html-button-response,79,test,,2026-09-14 21:05:16 (Central Daylight Time),316000.0,List1,1.0,79.0,0.0,1234,C,900.0,8100.0,50.0,0.0,200.0,200.0,100.0,100.0,1.0,2.0,3.0,4.0,3.0,2026-09-07,adolescent,8,abc1234,eng,80,projectseed-iowa-production,9001,77897789,00000000-0000-0000-0000-00000000000b,00000000-0000-0000-0000-00000000000b,Mozilla/5.0 (iPhone; CPU iPhone OS 18_6 like Mac OS X) AppleWebKit/605.1.15,True,IGT-Seed,jspsych-0.4a-mobile,-mobile,750,390,844,390,390,844
html-button-response,80,test,,2026-09-14 21:05:20 (Central Daylight Time),320000.0,List1,1.0,80.0,0.0,1234,D,900.0,8100.0,0.0,-50.0,200.0,200.0,100.0,100.0,1.0,2.0,3.0,4.0,4.0,2026-09-07,adolescent,8,abc1234,eng,80,projectseed-iowa-production,9001,77897789,00000000-0000-0000-0000-00000000000b,00000000-0000-0000-0000-00000000000b,Mozilla/5.0 (iPhone; CPU iPhone OS 18_6 like Mac OS X) AppleWebKit/605.1.15,True,IGT-Seed,jspsych-0.4a-mobile,-mobile,750,390,844,390,390,844
html-button-response,1,test,,2026-09-16 21:00:04 (Central Daylight Time),4000.0,List1,1.0,1.0,0.0,1234,C,900.0,2550.0,50.0,0.0,200.0,200.0,100.0,100.0,1.0,2.0,3.0,4.0,3.0,2026-09-07,adolescent,10,abc1234,eng,80,projectseed-iowa-production,9001,77897789,00000000-0000-0000-0000-00000000000c,00000000-0000-0000-0000-00000000000c,Mozilla/5.0 (iPhone; CPU iPhone OS 18_6 like Mac OS X) AppleWebKit/605.1.15,True,IGT-Seed,jspsych-0.4a-mobile,-mobile,750,390,844,390,390,844
html-button-response,2,test,,2026-09-16 21:00:08 (Central Daylight Time),8000.0,List1,1.0,2.0,0.0,1234,D,900.0,2600.0,50.0,0.0,200.0,200.0,100.0,100.0,1.0,2.0,3.0,4.0,4.0,2026-09-07,adolescent,10,abc1234,eng,80,projectseed-iowa-production,9001,77897789,00000000-0000-0000-0000-00000000000c,00000000-0000-0000-0000-00000000000c,Mozilla/5.0 (iPhone; CPU iPhone OS 18_6 like Mac OS X) AppleWebKit/605.1.15,True,IGT-Seed,jspsych-0.4a-mobile,-mobile,750,390,844,390,390,844
html-button-response,3,test,,2026-09-16 21:00:12 (Central Daylight Time),12000.0,List1,1.0,3.0,0.0,1234,C,900.0,2650.0,50.0,0.0,200.0,200.0,100.0,100.0,1.0,2.0,3.0,4.0,3.0,2026-09-07,adolescent,10,abc1234,eng,80,projectseed-iowa-production,9001,77897789,00000000-0000-0000-0000-00000000000c,00000000-0000-0000-0000-00000000000c,Mozilla/5.0 (iPhone; CPU iPhone OS 18_6 like Mac OS X) AppleWebKit/605.1.15,True,IGT-Seed,jspsych-0.4a-mobile,-mobile,750,390,844,390,390,844
html-button-response,4,test,,2026-09-16 21:00:16 (Central Daylight Time),16000.0,List1,1.0,4.0,0.0,1234,D,900.0,2700.0,50.0,0.0,200.0,200.0,100.0,100.0,1.0,2.0,3.0,4.0,4.0,2026-09-07,adolescent,10,abc1234,eng,80,projectseed-iowa-production,9001,77897789,00000000-0000-0000-0000-00000000000c,00000000-0000-0000-0000-00000000000c,Mozilla/5.0 (iPhone; CPU iPhone OS 18_6 like Mac OS X) AppleWebKit/605.1.15,True,IGT-Seed,jspsych-0.4a-mobile,-mobile,750,390,844,390,390,844
html-button-response,5,test,,2026-09-16 21:00:20 (Central Daylight Time),20000.0,List1,1.0,5.0,0.0,1234,A,900.0,2800.0,100.0,0.0,200.0,200.0,100.0,100.0,1.0,2.0,3.0,4.0,1.0,2026-09-07,adolescent,10,abc1234,eng,80,projectseed-iowa-production,9001,77897789,00000000-0000-0000-0000-00000000000c,00000000-0000-0000-0000-00000000000c,Mozilla/5.0 (iPhone; CPU iPhone OS 18_6 like Mac OS X) AppleWebKit/605.1.15,True,IGT-Seed,jspsych-0.4a-mobile,-mobile,750,390,844,390,390,844
html-button-response,6,test,,2026-09-16 21:00:24 (Central Daylight Time),24000.0,List1,1.0,6.0,0.0,1234,C,900.0,2850.0,50.0,0.0,200.0,200.0,100.0,100.0,1.0,2.0,3.0,4.0,3.0,2026-09-07,adolescent,10,abc1234,eng,80,projectseed-iowa-production,9001,77897789,00000000-0000-0000-0000-00000000000c,00000000-0000-0000-0000-00000000000c,Mozilla/5.0 (iPhone; CPU iPhone OS 18_6 like Mac OS X) AppleWebKit/605.1.15,True,IGT-Seed,jspsych-0.4a-mobile,-mobile,750,390,844,390,390,844
html-button-response,7,test,,2026-09-16 21:00:28 (Central Daylight Time),28000.0,List1,1.0,7.0,0.0,1234,D,900.0,2900.0,50.0,0.0,200.0,200.0,100.0,100.0,1.0,2.0,3.0,4.0,4.0,2026-09-07,adolescent,10,abc1234,eng,80,projectseed-iowa-production,9001,77897789,00000000-0000-0000-0000-00000000000c,00000000-0000-0000-0000-00000000000c,Mozilla/5.0 (iPhone; CPU iPhone OS 18_6 like Mac OS X) AppleWebKit/605.1.15,True,IGT-Seed,jspsych-0.4a-mobile,-mobile,750,390,844,390,390,844
html-button-response,8,test,,2026-09-16 21:00:32 (Central Daylight Time),32000.0,List1,1.0,8.0,0.0,1234,C,900.0,2950.0,50.0,0.0,200.0,200.0,100.0,100.0,1.0,2.0,3.0,4.0,3.0,2026-09-07,adolescent,10,abc1234,eng,80,projectseed-iowa-production,9001,77897789,00000000-0000-0000-0000-00000000000c,00000000-0000-0000-0000-00000000000c,Mozilla/5.0 (iPhone; CPU iPhone OS 18_6 like Mac OS X) AppleWebKit/605.1.15,True,IGT-Seed,jspsych-0.4a-mobile,-mobile,750,390,844,390,390,844
html-button-response,9,test,,2026-09-16 21:00:36 (Central Daylight Time),36000.0,List1,1.0,9.0,0.0,1234,D,900.0,3000.0,50.0,0.0,200.0,200.0,100.0,100.0,1.0,2.0,3.0,4.0,4.0,2026-09-07,adolescent,10,abc1234,eng,80,projectseed-iowa-production,9001,77897789,00000000-0000-0000-0000-00000000000c,00000000-0000-0000-0000-00000000000c,Mozilla/5.0 (iPhone; CPU iPhone OS 18_6 like Mac OS X) AppleWebKit/605.1.15,True,IGT-Seed,jspsych-0.4a-mobile,-mobile,750,390,844,390,390,844
html-button-response,10,test,,2026-09-16 21:00:40 (Central Daylight Time),40000.0,List1,1.0,10.0,0.0,1234,A,900.0,3100.0,100.0,0.0,200.0,200.0,100.0,100.0,1.0,2.0,3.0,4.0,1.0,2026-09-07,adolescent,10,abc1234,eng,80,projectseed-iowa-production,9001,77897789,00000000-0000-0000-0000-00000000000c,00000000-0000-0000-0000-00000000000c,Mozilla/5.0 (iPhone; CPU iPhone OS 18_6 like Mac OS X) AppleWebKit/605.1.15,True,IGT-Seed,jspsych-0.4a-mobile,-mobile,750,390,844,390,390,844
html-button-response,11,test,,2026-09-16 21:00:44 (Central Daylight Time),44000.0,List1,1.0,11.0,0.0,1234,C,900.0,3150.0,50.0,0.0,200.0,200.0,100.0,100.0,1.0,2.0,3.0,4.0,3.0,2026-09-07,adolescent,10,abc1234,eng,80,projectseed-iowa-production,9001,77897789,00000000-0000-0000-0000-00000000000c,00000000-0000-0000-0000-00000000000c,Mozilla/5.0 (iPhone; CPU iPhone OS 18_6 like Mac OS X) AppleWebKit/605.1.15,True,IGT-Seed,jspsych-0.4a-mobile,-mobile,750,390,844,390,390,844
html-button-response,12,test,,2026-09-16 21:00:48 (Central Daylight Time),48000.0,List1,1.0,12.0,0.0,1234,D,900.0,3200.0,50.0,0.0,200.0,200.0,100.0,100.0,1.0,2.0,3.0,4.0,4.0,2026-09-07,adolescent,10,abc1234,eng,80,projectseed-iowa-production,9001,77897789,00000000-0000-0000-0000-00000000000c,00000000-0000-0000-0000-00000000000c,Mozilla/5.0 (iPhone; CPU iPhone OS 18_6 like Mac OS X) AppleWebKit/605.1.15,True,IGT-Seed,jspsych-0.4a-mobile,-mobile,750,390,844,390,390,844
html-button-response,13,test,,2026-09-16 21:00:52 (Central Daylight Time),52000.0,List1,1.0,13.0,0.0,1234,C,900.0,3250.0,50.0,0.0,200.0,200.0,100.0,100.0,1.0,2.0,3.0,4.0,3.0,2026-09-07,adolescent,10,abc1234,eng,80,projectseed-iowa-production,9001,77897789,00000000-0000-0000-0000-00000000000c,00000000-0000-0000-0000-00000000000c,Mozilla/5.0 (iPhone; CPU iPhone OS 18_6 like Mac OS X) AppleWebKit/605.1.15,True,IGT-Seed,jspsych-0.4a-mobile,-mobile,750,390,844,390,390,844
html-button-response,14,test,,2026-09-16 21:00:56 (Central Daylight Time),56000.0,List1,1.0,14.0,0.0,1234,D,900.0,3300.0,50.0,0.0,200.0,200.0,100.0,100.0,1.0,2.0,3.0,4.0,4.0,2026-09-07,adolescent,10,abc1234,eng,80,projectseed-iowa-production,9001,77897789,00000000-0000-0000-0000-00000000000c,00000000-0000-0000-0000-00000000000c,Mozilla/5.0 (iPhone; CPU iPhone OS 18_6 like Mac OS X) AppleWebKit/605.1.15,True,IGT-Seed,jspsych-0.4a-mobile,-mobile,750,390,844,390,390,844
html-button-response,15,test,,2026-09-16 21:01:00 (Central Daylight Time),60000.0,List1,1.0,15.0,0.0,1234,A,900.0,3400.0,100.0,0.0,200.0,200.0,100.0,100.0,1.0,2.0,3.0,4.0,1.0,2026-09-07,adolescent,10,abc1234,eng,80,projectseed-iowa-production,9001,77897789,00000000-0000-0000-0000-00000000000c,00000000-0000-0000-0000-00000000000c,Mozilla/5.0 (iPhone; CPU iPhone OS 18_6 like Mac OS X) AppleWebKit/605.1.15,True,IGT-Seed,jspsych-0.4a-mobile,-mobile,750,390,844,390,390,844
html-button-response,16,test,,2026-09-16 21:01:04 (Central Daylight Time),64000.0,List1,1.0,16.0,0.0,1234,C,900.0,3450.0,50.0,0.0,200.0,200.0,100.0,100.0,1.0,2.0,3.0,4.0,3.0,2026-09-07,adolescent,10,abc1234,eng,80,projectseed-iowa-production,9001,77897789,00000000-0000-0000-0000-00000000000c,00000000-0000-0000-0000-00000000000c,Mozilla/5.0 (iPhone; CPU iPhone OS 18_6 like Mac OS X) AppleWebKit/605.1.15,True,IGT-Seed,jspsych-0.4a-mobile,-mobile,750,390,844,390,390,844
html-button-response,17,test,,2026-09-16 21:01:08 (Central Daylight Time),68000.0,List1,1.0,17.0,0.0,1234,D,900.0,3500.0,50.0,0.0,200.0,200.0,100.0,100.0,1.0,2.0,3.0,4.0,4.0,2026-09-07,adolescent,10,abc1234,eng,80,projectseed-iowa-production,9001,77897789,00000000-0000-0000-0000-00000000000c,00000000-0000-0000-0000-00000000000c,Mozilla/5.0 (iPhone; CPU iPhone OS 18_6 like Mac OS X) AppleWebKit/605.1.15,True,IGT-Seed,jspsych-0.4a-mobile,-mobile,750,390,844,390,390,844
html-button-response,18,test,,2026-09-16 21:01:12 (Central Daylight Time),72000.0,List1,1.0,18.0,0.0,1234,C,900.0,3550.0,50.0,0.0,200.0,200.0,100.0,100.0,1.0,2.0,3.0,4.0,3.0,2026-09-07,adolescent,10,abc1234,eng,80,projectseed-iowa-production,9001,77897789,00000000-0000-0000-0000-00000000000c,00000000-0000-0000-0000-00000000000c,Mozilla/5.0 (iPhone; CPU iPhone OS 18_6 like Mac OS X) AppleWebKit/605.1.15,True,IGT-Seed,jspsych-0.4a-mobile,-mobile,750,390,844,390,390,844
html-button-response,19,test,,2026-09-16 21:01:16 (Central Daylight Time),76000.0,List1,1.0,19.0,0.0,1234,D,900.0,3600.0,50.0,0.0,200.0,200.0,100.0,100.0,1.0,2.0,3.0,4.0,4.0,2026-09-07,adolescent,10,abc1234,eng,80,projectseed-iowa-production,9001,77897789,00000000-0000-0000-0000-00000000000c,00000000-0000-0000-0000-00000000000c,Mozilla/5.0 (iPhone; CPU iPhone OS 18_6 like Mac OS X) AppleWebKit/605.1.15,True,IGT-Seed,jspsych-0.4a-mobile,-mobile,750,390,844,390,390,844
html-button-response,20,test,,2026-09-16 21:01:20 (Central Daylight Time),80000.0,List1,1.0,20.0,0.0,1234,A,900.0,3450.0,-150.0,-250.0,200.0,200.0,100.0,100.0,1.0,2.0,3.0,4.0,1.0,2026-09-07,adolescent,10,abc1234,eng,80,projectseed-iowa-production,9001,77897789,00000000-0000-0000-0000-00000000000c,00000000-0000-0000-0000-00000000000c,Mozilla/5.0 (iPhone; CPU iPhone OS 18_6 like Mac OS X) AppleWebKit/605.1.15,True,IGT-Seed,jspsych-0.4a-mobile,-mobile,750,390,844,390,390,844
html-button-response,21,test,,2026-09-16 21:01:24 (Central Daylight Time),84000.0,List1,1.0,21.0,0.0,1234,C,900.0,3500.0,50.0,0.0,200.0,200.0,100.0,100.0,1.0,2.0,3.0,4.0,3.0,2026-09-07,adolescent,10,abc1234,eng,80,projectseed-iowa-production,9001,77897789,00000000-0000-0000-0000-00000000000c,00000000-0000-0000-0000-00000000000c,Mozilla/5.0 (iPhone; CPU iPhone OS 18_6 like Mac OS X) AppleWebKit/605.1.15,True,IGT-Seed,jspsych-0.4a-mobile,-mobile,750,390,844,390,390,844
html-button-response,22,test,,2026-09-16 21:01:28 (Central Daylight Time),88000.0,List1,1.0,22.0,0.0,1234,D,900.0,3550.0,50.0,0.0,200.0,200.0,100.0,100.0,1.0,2.0,3.0,4.0,4.0,2026-09-07,adolescent,10,abc1234,eng,80,projectseed-iowa-production,9001,77897789,00000000-0000-0000-0000-00000000000c,00000000-0000-0000-0000-00000000000c,Mozilla/5.0 (iPhone; CPU iPhone OS 18_6 like Mac OS X) AppleWebKit/605.1.15,True,IGT-Seed,jspsych-0.4a-mobile,-mobile,750,390,844,390,390,844
html-button-response,23,test,,2026-09-16 21:01:32 (Central Daylight Time),92000.0,List1,1.0,23.0,0.0,1234,C,900.0,3600.0,50.0,0.0,200.0,200.0,100.0,100.0,1.0,2.0,3.0,4.0,3.0,2026-09-07,adolescent,10,abc1234,eng,80,projectseed-iowa-production,9001,77897789,00000000-0000-0000-0000-00000000000c,00000000-0000-0000-0000-00000000000c,Mozilla/5.0 (iPhone; CPU iPhone OS 18_6 like Mac OS X) AppleWebKit/605.1.15,True,IGT-Seed,jspsych-0.4a-mobile,-mobile,750,390,844,390,390,844
html-button-response,24,test,,2026-09-16 21:01:36 (Central Daylight Time),96000.0,List1,1.0,24.0,0.0,1234,D,900.0,3650.0,50.0,0.0,200.0,200.0,100.0,100.0,1.0,2.0,3.0,4.0,4.0,2026-09-07,adolescent,10,abc1234,eng,80,projectseed-iowa-production,9001,77897789,00000000-0000-0000-0000-00000000000c,00000000-0000-0000-0000-00000000000c,Mozilla/5.0 (iPhone; CPU iPhone OS 18_6 like Mac OS X) AppleWebKit/605.1.15,True,IGT-Seed,jspsych-0.4a-mobile,-mobile,750,390,844,390,390,844
html-button-response,25,test,,2026-09-16 21:01:40 (Central Daylight Time),100000.0,List1,1.0,25.0,0.0,1234,A,900.0,3750.0,100.0,0.0,200.0,200.0,100.0,100.0,1.0,2.0,3.0,4.0,1.0,2026-09-07,adolescent,10,abc1234,eng,80,projectseed-iowa-production,9001,77897789,00000000-0000-0000-0000-00000000000c,00000000-0000-0000-0000-00000000000c,Mozilla/5.0 (iPhone; CPU iPhone OS 18_6 like Mac OS X) AppleWebKit/605.1.15,True,IGT-Seed,jspsych-0.4a-mobile,-mobile,750,390,844,390,390,844
html-button-response,26,test,,2026-09-16 21:01:44 (Central Daylight Time),104000.0,List1,1.0,26.0,0.0,1234,C,900.0,3800.0,50.0,0.0,200.0,200.0,100.0,100.0,1.0,2.0,3.0,4.0,3.0,2026-09-07,adolescent,10,abc1234,eng,80,projectseed-iowa-production,9001,77897789,00000000-0000-0000-0000-00000000000c,00000000-0000-0000-0000-00000000000c,Mozilla/5.0 (iPhone; CPU iPhone OS 18_6 like Mac OS X) AppleWebKit/605.1.15,True,IGT-Seed,jspsych-0.4a-mobile,-mobile,750,390,844,390,390,844
html-button-response,27,test,,2026-09-16 21:01:48 (Central Daylight Time),108000.0,List1,1.0,27.0,0.0,1234,D,900.0,3850.0,50.0,0.0,200.0,200.0,100.0,100.0,1.0,2.0,3.0,4.0,4.0,2026-09-07,adolescent,10,abc1234,eng,80,projectseed-iowa-production,9001,77897789,00000000-0000-0000-0000-00000000000c,00000000-0000-0000-0000-00000000000c,Mozilla/5.0 (iPhone; CPU iPhone OS 18_6 like Mac OS X) AppleWebKit/605.1.15,True,IGT-Seed,jspsych-0.4a-mobile,-mobile,750,390,844,390,390,844
html-button-response,28,test,,2026-09-16 21:01:52 (Central Daylight Time),112000.0,List1,1.0,28.0,0.0,1234,C,900.0,3900.0,50.0,0.0,200.0,200.0,100.0,100.0,1.0,2.0,3.0,4.0,3.0,2026-09-07,adolescent,10,abc1234,eng,80,projectseed-iowa-production,9001,77897789,00000000-0000-0000-0000-00000000000c,00000000-0000-0000-0000-00000000000c,Mozilla/5.0 (iPhone; CPU iPhone OS 18_6 like Mac OS X) AppleWebKit/605.1.15,True,IGT-Seed,jspsych-0.4a-mobile,-mobile,750,390,844,390,390,844
html-button-response,29,test,,2026-09-16 21:01:56 (Central Daylight Time),116000.0,List1,1.0,29.0,0.0,1234,D,900.0,3950.0,50.0,0.0,200.0,200.0,100.0,100.0,1.0,2.0,3.0,4.0,4.0,2026-09-07,adolescent,10,abc1234,eng,80,projectseed-iowa-production,9001,77897789,00000000-0000-0000-0000-00000000000c,00000000-0000-0000-0000-00000000000c,Mozilla/5.0 (iPhone; CPU iPhone OS 18_6 like Mac OS X) AppleWebKit/605.1.15,True,IGT-Seed,jspsych-0.4a-mobile,-mobile,750,390,844,390,390,844
html-button-response,30,test,,2026-09-16 21:02:00 (Central Daylight Time),120000.0,List1,1.0,30.0,0.0,1234,A,900.0,4050.0,100.0,0.0,200.0,200.0,100.0,100.0,1.0,2.0,3.0,4.0,1.0,2026-09-07,adolescent,10,abc1234,eng,80,projectseed-iowa-production,9001,77897789,00000000-0000-0000-0000-00000000000c,00000000-0000-0000-0000-00000000000c,Mozilla/5.0 (iPhone; CPU iPhone OS 18_6 like Mac OS X) AppleWebKit/605.1.15,True,IGT-Seed,jspsych-0.4a-mobile,-mobile,750,390,844,390,390,844
html-button-response,31,test,,2026-09-16 21:02:04 (Central Daylight Time),124000.0,List1,1.0,31.0,0.0,1234,C,900.0,4100.0,50.0,0.0,200.0,200.0,100.0,100.0,1.0,2.0,3.0,4.0,3.0,2026-09-07,adolescent,10,abc1234,eng,80,projectseed-iowa-production,9001,77897789,00000000-0000-0000-0000-00000000000c,00000000-0000-0000-0000-00000000000c,Mozilla/5.0 (iPhone; CPU iPhone OS 18_6 like Mac OS X) AppleWebKit/605.1.15,True,IGT-Seed,jspsych-0.4a-mobile,-mobile,750,390,844,390,390,844
html-button-response,32,test,,2026-09-16 21:02:08 (Central Daylight Time),128000.0,List1,1.0,32.0,0.0,1234,D,900.0,4150.0,50.0,0.0,200.0,200.0,100.0,100.0,1.0,2.0,3.0,4.0,4.0,2026-09-07,adolescent,10,abc1234,eng,80,projectseed-iowa-production,9001,77897789,00000000-0000-0000-0000-00000000000c,00000000-0000-0000-0000-00000000000c,Mozilla/5.0 (iPhone; CPU iPhone OS 18_6 like Mac OS X) AppleWebKit/605.1.15,True,IGT-Seed,jspsych-0.4a-mobile,-mobile,750,390,844,390,390,844
html-button-response,33,test,,2026-09-16 21:02:12 (Central Daylight Time),132000.0,List1,1.0,33.0,0.0,1234,C,900.0,4200.0,50.0,0.0,200.0,200.0,100.0,100.0,1.0,2.0,3.0,4.0,3.0,2026-09-07,adolescent,10,abc1234,eng,80,projectseed-iowa-production,9001,77897789,00000000-0000-0000-0000-00000000000c,00000000-0000-0000-0000-00000000000c,Mozilla/5.0 (iPhone; CPU iPhone OS 18_6 like Mac OS X) AppleWebKit/605.1.15,True,IGT-Seed,jspsych-0.4a-mobile,-mobile,750,390,844,390,390,844
html-button-response,34,test,,2026-09-16 21:02:16 (Central Daylight Time),136000.0,List1,1.0,34.0,0.0,1234,D,900.0,4250.0,50.0,0.0,200.0,200.0,100.0,100.0,1.0,2.0,3.0,4.0,4.0,2026-09-07,adolescent,10,abc1234,eng,80,projectseed-iowa-production,9001,77897789,00000000-0000-0000-0000-00000000000c,00000000-0000-0000-0000-00000000000c,Mozilla/5.0 (iPhone; CPU iPhone OS 18_6 like Mac OS X) AppleWebKit/605.1.15,True,IGT-Seed,jspsych-0.4a-mobile,-mobile,750,390,844,390,390,844
html-button-response,35,test,,2026-09-16 21:02:20 (Central Daylight Time),140000.0,List1,1.0,35.0,0.0,1234,A,900.0,4350.0,100.0,0.0,200.0,200.0,100.0,100.0,1.0,2.0,3.0,4.0,1.0,2026-09-07,adolescent,10,abc1234,eng,80,projectseed-iowa-production,9001,77897789,00000000-0000-0000-0000-00000000000c,00000000-0000-0000-0000-00000000000c,Mozilla/5.0 (iPhone; CPU iPhone OS 18_6 like Mac OS X) AppleWebKit/605.1.15,True,IGT-Seed,jspsych-0.4a-mobile,-mobile,750,390,844,390,390,844
html-button-response,36,test,,2026-09-16 21:02:24 (Central Daylight Time),144000.0,List1,1.0,36.0,0.0,1234,C,900.0,4400.0,50.0,0.0,200.0,200.0,100.0,100.0,1.0,2.0,3.0,4.0,3.0,2026-09-07,adolescent,10,abc1234,eng,80,projectseed-iowa-production,9001,77897789,00000000-0000-0000-0000-00000000000c,00000000-0000-0000-0000-00000000000c,Mozilla/5.0 (iPhone; CPU iPhone OS 18_6 like Mac OS X) AppleWebKit/605.1.15,True,IGT-Seed,jspsych-0.4a-mobile,-mobile,750,390,844,390,390,844
html-button-response,37,test,,2026-09-16 21:02:28 (Central Daylight Time),148000.0,List1,1.0,37.0,0.0,1234,D,900.0,4450.0,50.0,0.0,200.0,200.0,100.0,100.0,1.0,2.0,3.0,4.0,4.0,2026-09-07,adolescent,10,abc1234,eng,80,projectseed-iowa-production,9001,77897789,00000000-0000-0000-0000-00000000000c,00000000-0000-0000-0000-00000000000c,Mozilla/5.0 (iPhone; CPU iPhone OS 18_6 like Mac OS X) AppleWebKit/605.1.15,True,IGT-Seed,jspsych-0.4a-mobile,-mobile,750,390,844,390,390,844
html-button-response,38,test,,2026-09-16 21:02:32 (Central Daylight Time),152000.0,List1,1.0,38.0,0.0,1234,C,900.0,4500.0,50.0,0.0,200.0,200.0,100.0,100.0,1.0,2.0,3.0,4.0,3.0,2026-09-07,adolescent,10,abc1234,eng,80,projectseed-iowa-production,9001,77897789,00000000-0000-0000-0000-00000000000c,00000000-0000-0000-0000-00000000000c,Mozilla/5.0 (iPhone; CPU iPhone OS 18_6 like Mac OS X) AppleWebKit/605.1.15,True,IGT-Seed,jspsych-0.4a-mobile,-mobile,750,390,844,390,390,844
html-button-response,39,test,,2026-09-16 21:02:36 (Central Daylight Time),156000.0,List1,1.0,39.0,0.0,1234,D,900.0,4550.0,50.0,0.0,200.0,200.0,100.0,100.0,1.0,2.0,3.0,4.0,4.0,2026-09-07,adolescent,10,abc1234,eng,80,projectseed-iowa-production,9001,77897789,00000000-0000-0000-0000-00000000000c,00000000-0000-0000-0000-00000000000c,Mozilla/5.0 (iPhone; CPU iPhone OS 18_6 like Mac OS X) AppleWebKit/605.1.15,True,IGT-Seed,jspsych-0.4a-mobile,-mobile,750,390,844,390,390,844
html-button-response,40,test,,2026-09-16 21:02:40 (Central Daylight Time),160000.0,List1,1.0,40.0,0.0,1234,A,900.0,4400.0,-150.0,-250.0,200.0,200.0,100.0,100.0,1.0,2.0,3.0,4.0,1.0,2026-09-07,adolescent,10,abc1234,eng,80,projectseed-iowa-production,9001,77897789,00000000-0000-0000-0000-00000000000c,00000000-0000-0000-0000-00000000000c,Mozilla/5.0 (iPhone; CPU iPhone OS 18_6 like Mac OS X) AppleWebKit/605.1.15,True,IGT-Seed,jspsych-0.4a-mobile,-mobile,750,390,844,390,390,844
