experiment_name,ExperimentName,Subject,CurrentDate,useragent,session_uuid,day,screen_availHeight,screen_availWidth,lang,Trial,TrialEPrime,trial_timestamp,Slide1.RTTime,Compatibility,CorrectResponse,ProcedureTrial,Slide1.ACC,Slide1.CRESP,Slide1.RESP,Slide1.RT,StimulusLocation,StimulusColor,stimulus_load_time,role,cycle_start_date,task_section,connectivity
projectseed-simon-production,Simon-Seed,9001,2026-09-07 21:05:00 (Central Daylight Time),Mozilla/5.0 (iPhone; CPU iPhone OS 18_6 like Mac OS X) AppleWebKit/605.1.15,00000000-0000-0000-0000-000000000008,1,844,390,eng,-999.0,1.0,2026-09-07 21:05:03 (Central Daylight Time),3000,incompatible,right,TrainingList,True,right,right,450.0,right,blue,12,adolescent,2026-09-07,training,
projectseed-simon-production,Simon-Seed,9001,2026-09-07 21:05:00 (Central Daylight Time),Mozilla/5.0 (iPhone; CPU iPhone OS 18_6 like Mac OS X) AppleWebKit/605.1.15,00000000-0000-0000-0000-000000000008,1,844,390,eng,-999.0,2.0,2026-09-07 21:05:06 (Central Daylight Time),6000,compatible,left,TrainingList,True,left,left,460.0,left,red,12,adolescent,2026-09-07,training,
projectseed-simon-production,Simon-Seed,9001,2026-09-07 21:05:00 (Central Daylight Time),Mozilla/5.0 (iPhone; CPU iPhone OS 18_6 like Mac OS X) AppleWebKit/605.1.15,00000000-0000-0000-0000-000000000008,1,844,390,eng,-999.0,3.0,2026-09-07 21:05:09 (Central Daylight Time),9000,compatible,right,TrainingList,True,right,right,470.0,right,blue,12,adolescent,2026-09-07,training,
projectseed-simon-production,Simon-Seed,9001,2026-09-07 21:05:00 (Central Daylight Time),Mozilla/5.0 (iPhone; CPU iPhone OS 18_6 like Mac OS X) AppleWebKit/605.1.15,00000000-0000-0000-0000-000000000008,1,844,390,eng,-999.0,4.0,2026-09-07 21:05:12 (Central Daylight Time),12000,incompatible,left,TrainingList,True,left,left,480.0,left,red,12,adolescent,2026-09-07,training,
projectseed-simon-production,Simon-Seed,9001,2026-09-07 21:05:00 (Central Daylight Time),Mozilla/5.0 (iPhone; CPU iPhone OS 18_6 like Mac OS X) AppleWebKit/605.1.15,00000000-0000-0000-0000-000000000008,1,844,390,eng,1.0,1.0,2026-09-07 21:05:15 (Central Daylight Time),15000,compatible,right,TestingProc,True,right,right,490.0,right,blue,12,adolescent,2026-09-07,test,
projectseed-simon-production,Simon-Seed,9001,2026-09-07 21:05:00 (Central Daylight Time),Mozilla/5.0 (iPhone; CPU iPhone OS 18_6 like Mac OS X) AppleWebKit/605.1.15,00000000-0000-0000-0000-000000000008,1,844,390,eng,2.0,2.0,2026-09-07 21:05:18 (Central Daylight Time),18000,compatible,left,TestingProc,True,left,left,450.0,left,red,12,adolescent,2026-09-07,test,
projectseed-simon-production,Simon-Seed,9001,2026-09-07 21:05:00 (Central Daylight Time),Mozilla/5.0 (iPhone; CPU iPhone OS 18_6 like Mac OS X) AppleWebKit/605.1.15,00000000-0000-0000-0000-000000000008,1,844,390,eng,3.0,3.0,2026-09-07 21:05:21 (Central Daylight Time),21000,incompatible,right,TestingProc,True,right,right,460.0,right,blue,12,adolescent,2026-09-07,test,
projectseed-simon-production,Simon-Seed,9001,2026-09-07 21:05:00 (Central Daylight Time),Mozilla/5.0 (iPhone; CPU iPhone OS 18_6 like Mac OS X) AppleWebKit/605.1.15,00000000-0000-0000-0000-000000000008,1,844,390,eng,4.0,4.0,2026-09-07 21:05:24 (Central Daylight Time),24000,compatible,left,TestingProc,True,left,left,470.0,left,red,12,adolescent,2026-09-07,test,
projectseed-simon-production,Simon-Seed,9001,2026-09-07 21:05:00 (Central Daylight Time),Mozilla/5.0 (iPhone; CPU iPhone OS 18_6 like Mac OS X) AppleWebKit/605.1.15,00000000-0000-0000-0000-000000000008,1,844,390,eng,5.0,5.0,2026-09-07 21:05:27 (Central Daylight Time),27000,compatible,right,TestingProc,True,right,right,480.0,right,blue,12,adolescent,2026-09-07,test,
projectseed-simon-production,Simon-Seed,9001,2026-09-07 21:05:00 (Central Daylight Time),Mozilla/5.0 (iPhone; CPU iPhone OS 18_6 like Mac OS X) AppleWebKit/605.1.15,00000000-0000-0000-0000-000000000008,1,844,390,eng,6.0,6.0,2026-09-07 21:05:30 (Central Daylight Time),30000,incompatible,left,TestingProc,True,left,left,490.0,left,red,12,adolescent,2026-09-07,test,
projectseed-simon-production,Simon-Seed,9001,2026-09-07 21:05:00 (Central Daylight Time),Mozilla/5.0 (iPhone; CPU iPhone OS 18_6 like Mac OS X) AppleWebKit/605.1.15,00000000-0000-0000-0000-000000000008,1,844,390,eng,7.0,7.0,2026-09-07 21:05:33 (Central Daylight Time),33000,compatible,right,TestingProc,True,right,right,450.0,right,blue,12,adolescent,2026-09-07,test,
projectseed-simon-production,Simon-Seed,9001,2026-09-07 21:05:00 (Central Daylight Time),Mozilla/5.0 (iPhone; CPU iPhone OS 18_6 like Mac OS X) AppleWebKit/605.1.15,00000000-0000-0000-0000-000000000008,1,844,390,eng,8.0,8.0,2026-09-07 21:05:36 (Central Daylight Time),36000,compatible,left,TestingProc,True,left,left,460.0,left,red,12,adolescent,2026-09-07,test,
projectseed-simon-production,Simon-Seed,9001,2026-09-07 21:05:00 (Central Daylight Time),Mozilla/5.0 (iPhone; CPU iPhone OS 18_6 like Mac OS X) AppleWebKit/605.1.15,00000000-0000-0000-0000-000000000008,1,844,390,eng,9.0,9.0,2026-09-07 21:05:39 (Central Daylight Time),39000,incompatible,right,TestingProc,True,right,right,470.0,right,blue,12,adolescent,2026-09-07,test,
projectseed-simon-production,Simon-Seed,9001,2026-09-07 21:05:00 (Central Daylight Time),Mozilla/5.0 (iPhone; CPU iPhone OS 18_6 like Mac OS X) AppleWebKit/605.1.15,00000000-0000-0000-0000-000000000008,1,844,390,eng,10.0,10.0,2026-09-07 21:05:42 (Central Daylight Time),42000,compatible,left,TestingProc,True,left,left,480.0,left,red,12,adolescent,2026-09-07,test,
projectseed-simon-production,Simon-Seed,9001,2026-09-07 21:05:00 (Central Daylight Time),Mozilla/5.0 (iPhone; CPU iPhone OS 18_6 like Mac OS X) AppleWebKit/605.1.15,00000000-0000-0000-0000-000000000008,1,844,390,eng,11.0,11.0,2026-09-07 21:05:45 (Central Daylight Time),45000,compatible,right,TestingProc,True,right,right,490.0,right,blue,12,adolescent,2026-09-07,test,
projectseed-simon-production,Simon-Seed,9001,2026-09-07 21:05:00 (Central Daylight Time),Mozilla/5.0 (iPhone; CPU iPhone OS 18_6 like Mac OS X) AppleWebKit/605.1.15,00000000-0000-0000-0000-000000000008,1,844,390,eng,12.0,12.0,2026-09-07 21:05:48 (Central Daylight Time),48000,incompatible,left,TestingProc,True,left,left,450.0,left,red,12,adolescent,2026-09-07,test,
projectseed-simon-production,Simon-Seed,9001,2026-09-07 21:05:00 (Central Daylight Time),Mozilla/5.0 (iPhone; CPU iPhone OS 18_6 like Mac OS X) AppleWebKit/605.1.15,00000000-0000-0000-0000-000000000008,1,844,390,eng,13.0,13.0,2026-09-07 21:05:51 (Central Daylight Time),51000,compatible,right,TestingProc,True,right,right,460.0,right,blue,12,adolescent,2026-09-07,test,
projectseed-simon-production,Simon-Seed,9001,2026-09-07 21:05:00 (Central Daylight Time),Mozilla/5.0 (iPhone; CPU iPhone OS 18_6 like Mac OS X) AppleWebKit/605.1.15,00000000-0000-0000-0000-000000000008,1,844,390,eng,14.0,14.0,2026-09-07 21:05:54 (Central Daylight Time),54000,compatible,left,TestingProc,True,left,left,470.0,left,red,12,adolescent,2026-09-07,test,
projectseed-simon-production,Simon-Seed,9001,2026-09-07 21:05:00 (Central Daylight Time),Mozilla/5.0 (iPhone; CPU iPhone OS 18_6 like Mac OS X) AppleWebKit/605.1.15,00000000-0000-0000-0000-000000000008,1,844,390,eng,15.0,15.0,2026-09-07 21:05:57 (Central Daylight Time),57000,incompatible,right,TestingProc,True,right,right,480.0,right,blue,12,adolescent,2026-09-07,test,
projectseed-simon-production,Simon-Seed,9001,2026-09-07 21:05:00 (Central Daylight Time),Mozilla/5.0 (iPhone; CPU iPhone OS 18_6 like Mac OS X) AppleWebKit/605.1.15,00000000-0000-0000-0000-000000000008,1,844,390,eng,16.0,16.0,2026-09-07 21:06:00 (Central Daylight Time),60000,compatible,left,TestingProc,True,left,left,490.0,left,red,12,adolescent,2026-09-07,test,
projectseed-simon-production,Simon-Seed,9001,2026-09-07 21:05:00 (Central Daylight Time),Mozilla/5.0 (iPhone; CPU iPhone OS 18_6 like Mac OS X) AppleWebKit/605.1.15,00000000-0000-0000-0000-000000000008,1,844,390,eng,17.0,17.0,2026-09-07 21:06:03 (Central Daylight Time),63000,compatible,right,TestingProc,True,right,right,450.0,right,blue,12,adolescent,2026-09-07,test,
projectseed-simon-production,Simon-Seed,9001,2026-09-07 21:05:00 (Central Daylight Time),Mozilla/5.0 (iPhone; CPU iPhone OS 18_6 like Mac OS X) AppleWebKit/605.1.15,00000000-0000-0000-0000-000000000008,1,844,390,eng,18.0,18.0,2026-09-07 21:06:06 (Central Daylight Time),66000,incompatible,left,TestingProc,True,left,left,460.0,left,red,12,adolescent,2026-09-07,test,
projectseed-simon-production,Simon-Seed,9001,2026-09-07 21:05:00 (Central Daylight Time),Mozilla/5.0 (iPhone; CPU iPhone OS 18_6 like Mac OS X) AppleWebKit/605.1.15,00000000-0000-0000-0000-000000000008,1,844,390,eng,19.0,19.0,2026-09-07 21:06:09 (Central Daylight Time),69000,compatible,right,TestingProc,True,right,right,470.0,right,blue,12,adolescent,2026-09-07,test,
projectseed-simon-production,Simon-Seed,9001,2026-09-07 21:05:00 (Central Daylight Time),Mozilla/5.0 (iPhone; CPU iPhone OS 18_6 like Mac OS X) AppleWebKit/605.1.15,00000000-0000-0000-0000-000000000008,1,844,390,eng,20.0,20.0,2026-09-07 21:06:12 (Central Daylight Time),72000,compatible,left,TestingProc,True,left,left,480.0,left,red,12,adolescent,2026-09-07,test,
projectseed-simon-production,Simon-Seed,9001,2026-09-07 21:05:00 (Central Daylight Time),Mozilla/5.0 (iPhone; CPU iPhone OS 18_6 like Mac OS X) AppleWebKit/605.1.15,00000000-0000-0000-0000-000000000008,1,844,390,eng,21.0,21.0,2026-09-07 21:06:15 (Central Daylight Time),75000,incompatible,right,TestingProc,True,right,right,490.0,right,blue,12,adolescent,2026-09-07,test,
projectseed-simon-production,Simon-Seed,9001,2026-09-07 21:05:00 (Central Daylight Time),Mozilla/5.0 (iPhone; CPU iPhone OS 18_6 like Mac OS X) AppleWebKit/605.1.15,00000000-0000-0000-0000-000000000008,1,844,390,eng,22.0,22.0,2026-09-07 21:06:18 (Central Daylight Time),78000,compatible,left,TestingProc,True,left,left,450.0,left,red,12,adolescent,2026-09-07,test,
projectseed-simon-production,Simon-Seed,9001,2026-09-07 21:05:00 (Central Daylight Time),Mozilla/5.0 (iPhone; CPU iPhone OS 18_6 like Mac OS X) AppleWebKit/605.1.15,00000000-0000-0000-0000-000000000008,1,844,390,eng,23.0,23.0,2026-09-07 21:06:21 (Central Daylight Time),81000,compatible,right,TestingProc,True,right,right,460.0,right,blue,12,adolescent,2026-09-07,test,
projectseed-simon-production,Simon-Seed,9001,2026-09-07 21:05:00 (Central Daylight Time),Mozilla/5.0 (iPhone; CPU iPhone OS 18_6 like Mac OS X) AppleWebKit/605.1.15,00000000-0000-0000-0000-000000000008,1,844,390,eng,24.0,24.0,2026-09-07 21:06:24 (Central Daylight Time),84000,incompatible,left,TestingProc,True,left,left,470.0,left,red,12,adolescent,2026-09-07,test,
projectseed-simon-production,Simon-Seed,9001,2026-09-07 21:05:00 (Central Daylight Time),Mozilla/5.0 (iPhone; CPU iPhone OS 18_6 like Mac OS X) AppleWebKit/605.1.15,00000000-0000-0000-0000-000000000008,1,844,390,eng,25.0,25.0,2026-09-07 21:06:27 (Central Daylight Time),87000,compatible,right,TestingProc,True,right,right,480.0,right,blue,12,adolescent,2026-09-07,test,
projectseed-simon-production,Simon-Seed,9001,2026-09-07 21:05:00 (Central Daylight Time),Mozilla/5.0 (iPhone; CPU iPhone OS 18_6 like Mac OS X) AppleWebKit/605.1.15,00000000-0000-0000-0000-000000000008,1,844,390,eng,26.0,26.0,2026-09-07 21:06:30 (Central Daylight Time),90000,compatible,left,TestingProc,True,left,left,490.0,left,red,12,adolescent,2026-09-07,test,
projectseed-simon-production,Simon-Seed,9001,2026-09-07 21:05:00 (Central Daylight Time),Mozilla/5.0 (iPhone; CPU iPhone OS 18_6 like Mac OS X) AppleWebKit/605.1.15,00000000-0000-0000-0000-000000000008,1,844,390,eng,27.0,27.0,2026-09-07 21:06:33 (Central Daylight Time),93000,incompatible,right,TestingProc,True,right,right,450.0,right,blue,12,adolescent,2026-09-07,test,
projectseed-simon-production,Simon-Seed,9001,2026-09-07 21:05:00 (Central Daylight Time),Mozilla/5.0 (iPhone; CPU iPhone OS 18_6 like Mac OS X) AppleWebKit/605.1.15,00000000-0000-0000-0000-000000000008,1,844,390,eng,28.0,28.0,2026-09-07 21:06:36 (Central Daylight Time),96000,compatible,left,TestingProc,True,left,left,460.0,left,red,12,adolescent,2026-09-07,test,
projectseed-simon-production,Simon-Seed,9001,2026-09-07 21:05:00 (Central Daylight Time),Mozilla/5.0 (iPhone; CPU iPhone OS 18_6 like Mac OS X) AppleWebKit/605.1.15,00000000-0000-0000-0000-000000000008,1,844,390,eng,29.0,29.0,2026-09-07 21:06:39 (Central Daylight Time),99000,compatible,right,TestingProc,False,right,left,470.0,right,blue,12,adolescent,2026-09-07,test,
projectseed-simon-production,Simon-Seed,9001,2026-09-07 21:05:00 (Central Daylight Time),Mozilla/5.0 (iPhone; CPU iPhone OS 18_6 like Mac OS X) AppleWebKit/605.1.15,00000000-0000-0000-0000-000000000008,1,844,390,eng,30.0,30.0,2026-09-07 21:06:42 (Central Daylight Time),102000,incompatible,left,TestingProc,False,left,right,480.0,left,red,12,adolescent,2026-09-07,test,
projectseed-simon-production,Simon-Seed,9001,2026-09-07 21:05:00 (Central Daylight Time),Mozilla/5.0 (iPhone; CPU iPhone OS 18_6 like Mac OS X) AppleWebKit/605.1.15,00000000-0000-0000-0000-000000000008,1,844,390,eng,31.0,31.0,2026-09-07 21:06:45 (Central Daylight Time),105000,compatible,right,TestingProc,False,right,left,490.0,right,blue,12,adolescent,2026-09-07,test,
projectseed-simon-production,Simon-Seed,9001,2026-09-07 21:05:00 (Central Daylight Time),Mozilla/5.0 (iPhone; CPU iPhone OS 18_6 like Mac OS X) AppleWebKit/605.1.15,00000000-0000-0000-0000-000000000008,1,844,390,eng,32.0,32.0,2026-09-07 21:06:48 (Central Daylight Time),108000,compatible,left,TestingProc,False,left,right,450.0,left,red,12,adolescent,2026-09-07,test,
projectseed-simon-production,Simon-Seed,9001,2026-09-08 21:05:00 (Central Daylight Time),Mozilla/5.0 (iPhone; CPU iPhone OS 18_6 like Mac OS X) AppleWebKit/605.1.15,00000000-0000-0000-0000-000000000009,2,844,390,eng,-999.0,1.0,2026-09-08 21:05:03 (Central Daylight Time),3000,incompatible,right,TrainingList,True,right,right,450.0,right,blue,12,adolescent,2026-09-07,training,
projectseed-simon-production,Simon-Seed,9001,2026-09-08 21:05:00 (Central Daylight Time),Mozilla/5.0 (iPhone; CPU iPhone OS 18_6 like Mac OS X) AppleWebKit/605.1.15,00000000-0000-0000-0000-000000000009,2,844,390,eng,-999.0,2.0,2026-09-08 21:05:06 (Central Daylight Time),6000,compatible,left,TrainingList,True,left,left,460.0,left,red,12,adolescent,2026-09-07,training,
projectseed-simon-production,Simon-Seed,9001,2026-09-08 21:05:00 (Central Daylight Time),Mozilla/5.0 (iPhone; CPU iPhone OS 18_6 like Mac OS X) AppleWebKit/605.1.15,00000000-0000-0000-0000-000000000009,2,844,390,eng,-999.0,3.0,2026-09-08 21:05:09 (Central Daylight Time),9000,compatible,right,TrainingList,True,right,right,470.0,right,blue,12,adolescent,2026-09-07,training,
projectseed-simon-production,Simon-Seed,9001,2026-09-08 21:05:00 (Central Daylight Time),Mozilla/5.0 (iPhone; CPU iPhone OS 18_6 like Mac OS X) AppleWebKit/605.1.15,00000000-0000-0000-0000-000000000009,2,844,390,eng,-999.0,4.0,2026-09-08 21:05:12 (Central Daylight Time),12000,incompatible,left,TrainingList,True,left,left,480.0,left,red,12,adolescent,2026-09-07,training,
projectseed-simon-production,Simon-Seed,9001,2026-09-08 21:05:00 (Central Daylight Time),Mozilla/5.0 (iPhone; CPU iPhone OS 18_6 like Mac OS X) AppleWebKit/605.1.15,00000000-0000-0000-0000-000000000009,2,844,390,eng,1.0,1.0,2026-09-08 21:05:15 (Central Daylight Time),15000,compatible,right,TestingProc,True,right,right,490.0,right,blue,12,adolescent,2026-09-07,test,
projectseed-simon-production,Simon-Seed,9001,2026-09-08 21:05:00 (Central Daylight Time),Mozilla/5.0 (iPhone; CPU iPhone OS 18_6 like Mac OS X) AppleWebKit/605.1.15,00000000-0000-0000-0000-000000000009,2,844,390,eng,2.0,2.0,2026-09-08 21:05:18 (Central Daylight Time),18000,compatible,left,TestingProc,True,left,left,450.0,left,red,12,adolescent,2026-09-07,test,
projectseed-simon-production,Simon-Seed,9001,2026-09-08 21:05:00 (Central Daylight Time),Mozilla/5.0 (iPhone; CPU iPhone OS 18_6 like Mac OS X) AppleWebKit/605.1.15,00000000-0000-0000-0000-000000000009,2,844,390,eng,3.0,3.0,2026-09-08 21:05:21 (Central Daylight Time),21000,incompatible,right,TestingProc,True,right,right,460.0,right,blue,12,adolescent,2026-09-07,test,
projectseed-simon-production,Simon-Seed,9001,2026-09-08 21:05:00 (Central Daylight Time),Mozilla/5.0 (iPhone; CPU iPhone OS 18_6 like Mac OS X) AppleWebKit/605.1.15,00000000-0000-0000-0000-000000000009,2,844,390,eng,4.0,4.0,2026-09-08 21:05:24 (Central Daylight Time),24000,compatible,left,TestingProc,True,left,left,470.0,left,red,12,adolescent,2026-09-07,test,
projectseed-simon-production,Simon-Seed,9001,2026-09-08 21:05:00 (Central Daylight Time),Mozilla/5.0 (iPhone; CPU iPhone OS 18_6 like Mac OS X) AppleWebKit/605.1.15,00000000-0000-0000-0000-000000000009,2,844,390,eng,5.0,5.0,2026-09-08 21:05:27 (Central Daylight Time),27000,compatible,right,TestingProc,True,right,right,480.0,right,blue,12,adolescent,2026-09-07,test,
projectseed-simon-production,Simon-Seed,9001,2026-09-08 21:05:00 (Central Daylight Time),Mozilla/5.0 (iPhone; CPU iPhone OS 18_6 like Mac OS X) AppleWebKit/605.1.15,00000000-0000-0000-0000-000000000009,2,844,390,eng,6.0,6.0,2026-09-08 21:05:30 (Central Daylight Time),30000,incompatible,left,TestingProc,True,left,left,490.0,left,red,12,adolescent,2026-09-07,test,
projectseed-simon-production,Simon-Seed,9001,2026-09-08 21:05:00 (Central Daylight Time),Mozilla/5.0 (iPhone; CPU iPhone OS 18_6 like Mac OS X) AppleWebKit/605.1.15,00000000-0000-0000-0000-000000000009,2,844,390,eng,7.0,7.0,2026-09-08 21:05:33 (Central Daylight Time),33000,compatible,right,TestingProc,True,right,right,450.0,right,blue,12,adolescent,2026-09-07,test,
projectseed-simon-production,Simon-Seed,9001,2026-09-08 21:05:00 (Central Daylight Time),Mozilla/5.0 (iPhone; CPU iPhone OS 18_6 like Mac OS X) AppleWebKit/605.1.15,00000000-0000-0000-0000-000000000009,2,844,390,eng,8.0,8.0,2026-09-08 21:05:36 (Central Daylight Time),36000,compatible,left,TestingProc,True,left,left,460.0,left,red,12,adolescent,2026-09-07,test,
projectseed-simon-production,Simon-Seed,9001,2026-09-08 21:05:00 (Central Daylight Time),Mozilla/5.0 (iPhone; CPU iPhone OS 18_6 like Mac OS X) AppleWebKit/605.1.15,00000000-0000-0000-0000-000000000009,2,844,390,eng,9.0,9.0,2026-09-08 21:05:39 (Central Daylight Time),39000,incompatible,right,TestingProc,True,right,right,470.0,right,blue,12,adolescent,2026-09-07,test,
projectseed-simon-production,Simon-Seed,9001,2026-09-08 21:05:00 (Central Daylight Time),Mozilla/5.0 (iPhone; CPU iPhone OS 18_6 like Mac OS X) AppleWebKit/605.1.15,00000000-0000-0000-0000-000000000009,2,844,390,eng,10.0,10.0,2026-09-08 21:05:42 (Central Daylight Time),42000,compatible,left,TestingProc,True,left,left,480.0,left,red,12,adolescent,2026-09-07,test,
projectseed-simon-production,Simon-Seed,9001,2026-09-08 21:05:00 (Central Daylight Time),Mozilla/5.0 (iPhone; CPU iPhone OS 18_6 like Mac OS X) AppleWebKit/605.1.15,00000000-0000-0000-0000-000000000009,2,844,390,eng,11.0,11.0,2026-09-08 21:05:45 (Central Daylight Time),45000,compatible,right,TestingProc,True,right,right,490.0,right,blue,12,adolescent,2026-09-07,test,
projectseed-simon-production,Simon-Seed,9001,2026-09-08 21:05:00 (Central Daylight Time),Mozilla/5.0 (iPhone; CPU iPhone OS 18_6 like Mac OS X) AppleWebKit/605.1.15,00000000-0000-0000-0000-000000000009,2,844,390,eng,12.0,12.0,2026-09-08 21:05:48 (Central Daylight Time),48000,incompatible,left,TestingProc,True,left,left,450.0,left,red,12,adolescent,2026-09-07,test,
projectseed-simon-production,Simon-Seed,9001,2026-09-08 21:05:00 (Central Daylight Time),Mozilla/5.0 (iPhone; CPU iPhone OS 18_6 like Mac OS X) AppleWebKit/605.1.15,00000000-0000-0000-0000-000000000009,2,844,390,eng,13.0,13.0,2026-09-08 21:05:51 (Central Daylight Time),51000,compatible,right,TestingProc,True,right,right,460.0,right,blue,12,adolescent,2026-09-07,test,
projectseed-simon-production,Simon-Seed,9001,2026-09-08 21:05:00 (Central Daylight Time),Mozilla/5.0 (iPhone; CPU iPhone OS 18_6 like Mac OS X) AppleWebKit/605.1.15,00000000-0000-0000-0000-000000000009,2,844,390,eng,14.0,14.0,2026-09-08 21:05:54 (Central Daylight Time),54000,compatible,left,TestingProc,True,left,left,470.0,left,red,12,adolescent,2026-09-07,test,
projectseed-simon-production,Simon-Seed,9001,2026-09-08 21:05:00 (Central Daylight Time),Mozilla/5.0 (iPhone; CPU iPhone OS 18_6 like Mac OS X) AppleWebKit/605.1.15,00000000-0000-0000-0000-000000000009,2,844,390,eng,15.0,15.0,2026-09-08 21:05:57 (Central Daylight Time),57000,incompatible,right,TestingProc,False,right,none,-999.0,right,blue,12,adolescent,2026-09-07,test,
projectseed-simon-production,Simon-Seed,9001,2026-09-08 21:05:00 (Central Daylight Time),Mozilla/5.0 (iPhone; CPU iPhone OS 18_6 like Mac OS X) AppleWebKit/605.1.15,00000000-0000-0000-0000-000000000009,2,844,390,eng,16.0,16.0,2026-09-08 21:06:00 (Central Daylight Time),60000,compatible,left,TestingProc,False,left,none,-999.0,left,red,12,adolescent,2026-09-07,test,
